Date,Closing Price,Open,Daily High,Daily Low
3/11/2020,32.98,34.62,36.35,32.56
3/10/2020,34.36,30.37,35.02,30.20
3/9/2020,31.13,32.87,34.88,27.34
3/6/2020,41.28,46.09,46.38,41.05
3/5/2020,45.90,47.13,47.57,45.65
3/4/2020,46.78,46.94,48.41,46.65
3/3/2020,47.18,47.72,48.66,46.47
3/2/2020,46.75,43.70,47.56,43.32
2/28/2020,44.76,46.49,47.03,43.85
2/27/2020,47.09,48.63,48.78,45.88
2/26/2020,48.73,50.08,50.44,48.30
2/25/2020,49.90,51.37,52.02,49.69
2/24/2020,51.43,52.60,52.64,50.45
2/21/2020,53.38,,,52.55
2/20/2020,53.78,53.50,54.50,53.22
2/19/2020,53.29,52.12,53.66,51.93
2/18/2020,52.05,,,50.88
2/14/2020,52.05,51.51,52.34,51.32
2/13/2020,51.42,51.72,51.96,50.60
2/12/2020,51.17,49.96,51.73,49.95
2/11/2020,49.94,49.61,50.69,49.58
2/10/2020,49.57,50.12,50.49,49.42
2/7/2020,50.32,51.11,51.48,50.09
2/6/2020,50.95,51.17,52.20,50.24
2/5/2020,50.75,49.51,51.88,49.47
2/4/2020,49.61,49.94,51.55,49.31
2/3/2020,50.11,51.01,51.97,49.80
1/31/2020,51.56,52.92,53.36,50.97
1/30/2020,52.14,53.09,53.20,51.66
1/29/2020,53.33,53.97,54.37,52.81
1/28/2020,53.48,52.77,54.06,52.68
1/27/2020,53.14,53.70,53.71,52.13
1/24/2020,54.19,55.69,55.95,53.85
1/23/2020,55.59,56.11,56.27,54.77
1/22/2020,56.74,,,56.03
1/21/2020,58.34,59.17,59.73,57.68
1/17/2020,58.54,58.59,58.98,58.27
1/16/2020,58.52,58.10,58.87,57.56
1/15/2020,57.81,58.20,58.36,57.36
1/14/2020,58.23,58.03,58.72,57.72
1/13/2020,58.08,59.04,59.27,57.91
1/10/2020,59.04,59.61,59.78,58.85
1/9/2020,59.56,59.99,60.31,58.66
1/8/2020,59.61,62.84,65.65,59.15
1/7/2020,62.70,62.91,63.15,62.11
1/6/2020,63.27,63.71,64.72,62.64
1/3/2020,63.05,61.18,64.09,61.13
1/2/2020,61.18,61.60,61.60,60.64
12/31/2019,61.06,61.68,61.88,60.63
12/30/2019,61.68,61.71,62.34,61.09
12/27/2019,61.72,61.73,61.97,61.24
12/26/2019,61.68,61.20,61.83,61.06
12/24/2019,61.11,60.63,61.16,60.47
12/23/2019,60.52,60.41,60.77,60.10
12/20/2019,60.44,,61.20,60.02
12/19/2019,61.22,60.86,61.47,60.79
12/18/2019,60.93,60.55,61.18,60.32
12/17/2019,60.94,60.23,61.06,60.03
12/16/2019,60.21,59.87,60.34,59.71
12/13/2019,60.07,59.36,60.48,59.27
12/12/2019,59.18,58.88,59.72,58.75
12/11/2019,58.76,59.06,59.22,58.11
12/10/2019,59.24,58.92,59.52,58.52
12/9/2019,59.02,59.11,59.25,58.23
12/6/2019,59.20,58.32,59.85,57.70
12/5/2019,58.43,58.36,59.12,58.10
12/4/2019,58.43,56.43,58.66,56.28
12/3/2019,56.10,55.96,56.80,55.35
12/2/2019,55.96,55.47,56.67,55.42
11/29/2019,55.17,58.13,58.30,55.02
11/27/2019,58.11,58.27,58.68,57.51
11/26/2019,58.41,57.92,58.56,57.76
11/25/2019,58.01,57.92,58.15,57.21
11/22/2019,57.77,58.31,58.74,57.50
11/21/2019,58.58,,58.67,56.60
11/20/2019,57.11,55.16,57.25,54.76
11/19/2019,55.21,56.90,57.11,55.04
11/18/2019,57.05,57.88,58.09,56.55
11/15/2019,57.72,56.91,57.97,56.43
11/14/2019,56.77,57.39,57.79,56.63
11/13/2019,57.12,56.79,57.53,56.20
11/12/2019,56.80,56.97,57.55,56.54
11/11/2019,56.86,56.75,,56.25
11/10/2019,56.76,57.40,57.40,56.73
11/8/2019,57.24,57.08,57.48,55.76
11/7/2019,57.15,56.35,57.88,56.27
11/6/2019,56.35,57.26,57.85,56.11
11/5/2019,57.23,56.56,57.50,56.30
11/4/2019,56.54,56.41,57.43,55.83
11/1/2019,56.20,54.15,56.33,54.07
10/31/2019,54.18,54.90,55.59,53.71
10/30/2019,55.06,55.53,55.73,54.42
10/29/2019,55.54,55.80,55.91,54.61
10/28/2019,55.81,56.65,56.92,55.58
10/25/2019,56.66,56.07,56.74,55.60
10/24/2019,56.23,55.90,56.51,55.41
10/23/2019,55.97,,56.07,53.62
10/22/2019,54.16,53.39,54.62,53.10
10/21/2019,53.31,53.71,54.03,52.71
10/18/2019,53.78,54.09,54.62,53.35
10/17/2019,53.93,52.99,54.16,52.62
10/16/2019,53.36,52.92,53.74,52.51
10/15/2019,52.81,53.51,53.79,52.39
10/14/2019,53.59,54.90,54.90,52.77
10/11/2019,54.70,53.88,54.93,53.64
10/10/2019,53.55,52.69,53.97,51.38
10/9/2019,52.59,52.57,53.74,52.31
10/8/2019,52.63,52.81,53.27,51.81
10/7/2019,52.75,52.69,54.06,52.59
10/4/2019,52.81,52.29,53.35,52.04
10/3/2019,52.45,52.47,52.91,50.99
10/2/2019,52.64,54.00,54.42,52.17
10/1/2019,53.62,54.28,54.84,53.05
9/30/2019,54.07,56.54,56.57,53.98
9/27/2019,55.91,56.51,56.76,54.75
9/26/2019,56.41,56.69,56.84,55.41
9/25/2019,56.49,56.70,57.02,55.55
9/24/2019,57.29,58.44,58.49,56.69
9/23/2019,58.64,59.25,59.39,57.37
9/20/2019,58.09,58.65,59.10,57.79
9/19/2019,58.13,58.20,59.54,58.01
9/18/2019,58.11,58.81,59.43,57.67
9/17/2019,59.34,61.96,62.59,58.46
9/16/2019,62.90,61.48,63.38,58.77
9/13/2019,54.85,55.15,55.68,54.44
9/12/2019,55.09,55.93,56.34,54.00
9/11/2019,55.75,57.89,58.30,55.61
9/10/2019,57.40,58.03,58.76,57.20
9/9/2019,57.85,56.80,58.16,56.58
9/6/2019,56.52,56.19,56.95,54.83
9/5/2019,56.30,55.95,57.76,55.75
9/4/2019,56.26,53.92,56.58,53.84
9/3/2019,53.94,55.00,55.24,52.84
8/30/2019,55.10,56.63,56.72,54.55
8/29/2019,56.71,55.88,56.89,55.43
8/28/2019,55.78,55.71,56.75,55.34
8/27/2019,54.93,53.76,55.72,53.69
8/26/2019,53.64,53.25,55.26,52.96
8/23/2019,54.17,55.35,55.60,53.24
8/22/2019,55.35,55.94,56.46,54.85
8/21/2019,55.68,,57.13,55.55
8/20/2019,56.34,56.10,56.60,55.28
8/19/2019,56.21,54.96,56.41,54.84
8/16/2019,54.87,54.74,55.67,54.26
8/15/2019,54.47,54.90,55.33,53.77
8/14/2019,55.23,56.74,56.85,53.97
8/13/2019,57.10,54.73,57.47,54.21
8/12/2019,54.93,54.32,55.16,53.54
8/9/2019,54.50,52.88,54.92,52.37
8/8/2019,52.54,52.33,53.06,51.94
8/7/2019,51.09,53.42,53.77,50.52
8/6/2019,53.63,54.95,55.42,53.29
8/5/2019,54.69,55.38,55.61,54.22
8/2/2019,55.66,54.54,56.05,54.15
8/1/2019,53.95,57.85,57.99,53.59
7/31/2019,58.58,58.34,58.82,57.81
7/30/2019,58.05,57.07,58.47,56.96
7/29/2019,56.87,56.20,57.10,55.81
7/26/2019,56.20,55.93,56.57,55.68
7/25/2019,56.02,55.90,56.99,55.81
7/24/2019,55.88,57.23,57.64,55.33
7/23/2019,56.77,,57.47,55.74
7/22/2019,56.22,56.22,56.84,55.72
7/19/2019,55.63,55.72,56.36,54.99
7/18/2019,55.30,56.60,57.32,54.72
7/17/2019,56.78,57.52,58.36,56.21
7/16/2019,57.62,59.26,60.06,57.07
7/15/2019,59.58,60.25,60.92,59.20
7/12/2019,60.21,60.46,60.74,59.93
7/11/2019,60.20,60.44,60.94,60.14
7/10/2019,60.43,58.40,60.53,58.35
7/9/2019,57.83,57.56,59.10,57.29
7/8/2019,57.66,57.77,58.46,57.30
7/5/2019,57.51,57.38,57.82,56.29
7/3/2019,57.34,56.49,57.48,56.04
7/2/2019,56.25,59.14,59.43,56.09
7/1/2019,59.09,59.27,60.28,58.34
6/28/2019,58.47,59.22,59.80,57.75
6/27/2019,59.43,59.27,59.73,58.61
6/26/2019,59.38,58.84,59.93,58.65
6/25/2019,57.83,57.74,58.84,57.20
6/24/2019,57.90,57.72,58.22,56.75
6/21/2019,57.43,,57.98,56.66
6/20/2019,56.65,54.12,57.02,54.11
6/19/2019,53.76,54.09,54.42,53.28
6/18/2019,53.90,51.95,54.31,51.50
6/17/2019,51.93,52.50,52.74,51.58
6/14/2019,52.51,52.18,52.98,51.70
6/13/2019,52.28,51.07,53.45,50.92
6/12/2019,51.14,53.04,53.05,50.72
6/11/2019,53.27,53.43,54.04,52.91
6/10/2019,53.26,54.24,54.84,53.05
6/7/2019,53.99,53.10,54.32,52.62
6/6/2019,52.59,51.66,53.30,51.17
6/5/2019,51.68,52.86,53.41,50.60
6/4/2019,53.48,52.89,53.78,52.43
6/3/2019,53.25,53.42,54.63,52.11
5/31/2019,53.50,56.46,56.61,53.05
5/30/2019,56.59,59.12,59.70,56.33
5/29/2019,58.81,59.07,59.14,56.88
5/28/2019,59.14,58.94,59.57,58.13
5/24/2019,58.63,58.21,59.10,57.50
5/23/2019,57.91,61.31,61.41,57.33
5/22/2019,61.42,,,61.03
5/21/2019,62.99,63.22,63.60,62.75
5/20/2019,63.10,62.93,63.81,62.45
5/17/2019,62.76,63.12,63.64,62.52
5/16/2019,62.87,62.12,63.48,62.08
5/15/2019,62.02,61.37,62.34,60.85
5/14/2019,61.78,60.86,62.11,60.69
5/13/2019,61.04,61.65,63.33,60.64
5/10/2019,61.66,61.64,62.49,61.42
5/9/2019,61.70,62.02,62.21,60.92
5/8/2019,62.12,61.44,62.37,61.07
5/7/2019,61.40,62.17,62.49,60.66
5/6/2019,62.25,61.43,62.95,60.04
5/3/2019,61.94,61.55,62.52,61.30
5/2/2019,61.81,63.61,63.68,60.95
5/1/2019,63.60,63.40,63.93,62.77
4/30/2019,63.91,63.58,64.75,63.30
4/29/2019,63.50,62.95,63.69,62.46
4/26/2019,63.30,65.13,65.18,62.28
4/25/2019,65.21,65.81,66.28,64.90
4/24/2019,65.89,66.17,66.43,65.66
4/23/2019,66.30,,66.60,65.58
4/22/2019,65.70,64.00,65.92,64.00
4/18/2019,64.00,63.75,64.16,63.46
4/17/2019,63.76,64.32,64.61,63.66
4/16/2019,64.05,63.57,64.37,62.99
4/15/2019,63.40,63.76,63.84,63.03
4/12/2019,63.89,63.71,64.65,63.66
4/11/2019,63.58,64.48,64.49,63.31
4/10/2019,64.61,64.22,64.70,64.05
4/9/2019,63.98,64.40,64.79,63.68
4/8/2019,64.40,63.33,64.48,63.13
4/5/2019,63.08,62.18,63.34,61.82
4/4/2019,62.10,62.50,62.77,61.89
4/3/2019,62.46,62.64,62.99,62.05
4/2/2019,62.58,61.81,62.75,61.60
4/1/2019,61.59,60.24,61.80,60.13
3/29/2019,60.14,59.53,60.73,59.41
3/28/2019,59.30,59.40,59.56,58.20
3/27/2019,59.41,60.03,60.22,58.81
3/26/2019,59.94,59.12,60.38,59.04
3/25/2019,58.82,58.98,59.35,58.17
3/22/2019,59.04,59.87,60.07,58.28
3/21/2019,59.98,,60.39,59.66
3/20/2019,59.83,59.02,60.12,58.39
3/19/2019,59.03,59.01,59.57,58.62
3/18/2019,59.09,58.45,59.23,58.05
3/15/2019,58.52,58.51,58.95,57.74
3/14/2019,58.61,58.35,58.74,58.00
3/13/2019,58.26,57.09,58.48,57.01
3/12/2019,56.87,56.76,57.55,56.74
3/8/2019,56.07,56.43,56.51,54.52
3/7/2019,56.66,56.20,56.99,56.08
3/6/2019,56.22,56.28,56.40,55.42
3/5/2019,56.56,56.45,57.19,56.09
3/4/2019,56.59,55.83,57.00,55.81
3/1/2019,55.80,57.22,57.88,55.57
2/28/2019,57.22,57.00,57.43,56.43
2/27/2019,56.94,55.95,57.39,55.72
2/26/2019,55.50,55.46,56.08,55.02
2/25/2019,55.48,57.17,57.53,55.08
2/22/2019,57.26,56.84,57.81,56.71
2/21/2019,56.96,,57.61,56.64
2/20/2019,56.92,55.94,57.55,55.48
2/19/2019,56.09,55.78,56.33,55.29
2/15/2019,55.59,54.48,55.87,54.24
2/14/2019,54.41,53.96,54.68,53.08
2/13/2019,53.90,53.35,54.60,53.27
2/12/2019,53.10,52.47,54.05,52.29
2/11/2019,52.41,52.66,52.78,51.23
2/8/2019,52.72,52.59,52.99,52.08
2/7/2019,52.64,53.94,54.21,51.80
2/6/2019,54.01,53.73,54.30,52.86
2/5/2019,53.66,54.86,55.21,53.47
2/4/2019,54.56,55.32,55.75,53.29
2/1/2019,55.26,54.01,55.66,53.37
1/31/2019,53.79,54.28,55.37,53.62
1/30/2019,54.23,53.24,54.93,53.09
1/29/2019,53.31,52.12,53.93,51.84
1/28/2019,51.99,53.56,53.64,51.33
1/25/2019,53.69,53.17,53.94,52.91
1/24/2019,53.13,52.45,53.47,52.07
1/23/2019,52.62,,53.64,51.86
1/22/2019,52.57,53.73,54.24,51.80
1/18/2019,53.80,52.23,53.92,52.09
1/17/2019,52.07,52.18,52.58,50.98
1/16/2019,52.31,52.00,52.52,51.26
1/15/2019,52.11,50.78,52.30,50.64
1/14/2019,50.51,51.73,52.11,50.38
1/11/2019,51.59,52.28,53.31,51.18
1/10/2019,52.59,52.18,52.78,51.37
1/9/2019,52.36,49.80,52.58,49.71
1/8/2019,49.78,48.73,49.95,48.31
1/7/2019,48.52,,49.79,
1/4/2019,47.96,46.90,49.22,46.65
1/3/2019,47.09,46.26,47.49,45.35
1/2/2019,46.54,45.80,47.78,44.35
12/31/2018,45.41,45.22,46.53,44.73
12/28/2018,45.33,45.44,46.22,44.42
12/27/2018,44.61,46.58,46.70,44.37
12/26/2018,46.22,42.85,47.00,42.52
12/24/2018,42.53,45.45,46.24,42.36
12/21/2018,45.59,46.25,46.77,45.13
12/20/2018,45.88,,,45.67
12/19/2018,47.20,45.93,48.00,45.93
12/18/2018,46.24,49.16,49.59,45.79
12/17/2018,49.88,51.25,51.87,49.01
12/14/2018,51.20,52.83,52.95,50.84
12/13/2018,52.58,51.20,53.27,50.35
12/12/2018,51.15,51.95,52.88,50.94
12/11/2018,51.65,50.89,52.43,50.70
12/10/2018,51.00,52.03,52.81,50.53
12/7/2018,52.61,51.76,54.22,50.60
12/6/2018,51.49,52.93,53.30,50.08
12/5/2018,52.89,52.59,54.29,52.16
12/4/2018,53.25,53.13,54.55,52.43
12/3/2018,52.95,52.45,53.85,52.03
11/30/2018,50.93,51.27,51.79,49.65
11/29/2018,51.45,50.31,52.20,49.47
11/28/2018,50.29,52.09,52.56,50.06
11/27/2018,51.56,51.54,52.38,50.30
11/26/2018,51.63,50.62,52.25,50.10
11/23/2018,50.42,54.66,54.82,50.15
11/21/2018,54.63,53.39,55.86,53.39
11/20/2018,53.43,,,52.77
11/19/2018,56.76,56.72,57.33,55.08
11/16/2018,56.46,56.58,57.96,55.89
11/15/2018,56.46,56.02,57.26,55.59
11/14/2018,56.25,55.27,57.37,55.13
11/13/2018,55.69,58.88,59.35,54.75
11/12/2018,59.93,60.70,61.28,58.68
11/9/2018,60.19,60.75,60.79,59.26
11/8/2018,60.67,61.64,62.42,60.40
11/7/2018,61.67,61.74,63.18,61.20
11/6/2018,62.21,62.70,63.32,61.31
11/5/2018,63.10,62.99,64.14,62.52
11/2/2018,63.14,63.50,63.95,62.63
11/1/2018,63.69,64.88,65.39,63.11
10/31/2018,65.31,66.32,67.00,64.81
10/30/2018,66.18,66.68,67.26,65.33
10/29/2018,67.04,67.55,67.95,66.29
10/26/2018,67.59,66.95,67.88,66.20
10/25/2018,67.33,66.36,67.65,65.99
10/24/2018,66.82,66.17,67.72,66.05
10/23/2018,66.43,,,65.74
10/22/2018,69.17,69.41,69.65,68.27
10/19/2018,69.12,68.68,69.77,68.56
10/18/2018,68.65,70.03,70.03,68.47
10/17/2018,69.75,72.17,72.43,69.43
10/16/2018,71.92,71.72,72.29,71.02
10/15/2018,71.78,71.85,72.70,70.85
10/12/2018,71.34,70.99,72.01,70.64
10/11/2018,70.97,72.68,72.76,70.51
10/10/2018,73.17,74.66,75.08,72.38
10/9/2018,74.96,74.21,75.28,74.00
10/8/2018,74.29,74.40,74.58,73.07
10/5/2018,74.34,74.67,75.22,73.83
10/4/2018,74.33,76.18,76.47,73.88
10/3/2018,76.41,75.12,76.90,74.30
10/2/2018,75.23,75.42,75.91,74.93
10/1/2018,75.30,73.29,75.77,72.95
9/28/2018,73.25,72.18,73.73,71.88
9/27/2018,72.12,72.01,72.60,71.71
9/26/2018,71.57,72.09,72.38,71.47
9/25/2018,72.28,72.25,72.78,71.89
9/24/2018,72.08,71.14,72.74,71.14
9/21/2018,70.78,,71.80,69.98
9/20/2018,70.80,71.39,71.81,70.73
9/19/2018,71.12,69.71,71.50,69.65
9/18/2018,69.85,68.80,70.42,68.53
9/17/2018,68.91,68.93,69.72,68.53
9/14/2018,68.99,68.79,69.91,67.94
9/13/2018,68.59,70.24,70.28,68.35
9/12/2018,70.37,69.89,71.26,69.50
9/11/2018,69.25,67.53,70.01,67.48
9/10/2018,67.54,67.82,68.52,67.35
9/7/2018,67.75,,68.08,66.86
9/6/2018,67.77,68.64,69.02,67.00
9/5/2018,68.72,69.43,69.59,68.56
9/4/2018,69.87,69.89,71.40,69.08
8/31/2018,69.80,70.06,70.36,69.64
8/30/2018,70.25,69.71,70.50,69.55
8/29/2018,69.51,68.54,69.76,68.37
8/28/2018,68.53,68.93,69.20,68.21
8/27/2018,68.87,68.57,68.97,68.34
8/24/2018,68.72,67.90,69.31,67.78
8/23/2018,67.83,68.07,68.12,67.32
8/22/2018,67.86,,68.15,
8/21/2018,67.35,66.62,68.10,66.52
8/20/2018,66.43,65.91,66.68,65.59
8/17/2018,65.91,65.47,66.39,65.30
8/16/2018,65.46,64.95,65.52,64.43
8/15/2018,65.01,66.62,66.90,64.51
8/14/2018,67.04,67.42,68.37,66.58
8/13/2018,67.20,67.78,67.95,65.71
8/10/2018,67.63,66.74,67.87,66.14
8/9/2018,66.81,66.79,67.41,66.49
8/8/2018,66.94,69.09,69.37,66.32
8/7/2018,69.17,68.90,69.83,68.81
8/6/2018,69.01,68.65,69.92,68.50
8/3/2018,68.49,68.99,69.24,67.87
8/2/2018,68.96,67.86,69.36,66.92
8/1/2018,67.66,68.43,68.52,67.31
7/31/2018,68.76,70.05,70.22,67.98
7/30/2018,70.13,69.01,70.43,68.80
7/27/2018,68.69,69.58,69.77,68.26
7/26/2018,69.61,69.38,69.92,68.92
7/25/2018,69.30,68.77,69.70,68.20
7/24/2018,68.52,67.80,69.05,67.56
7/23/2018,67.89,68.17,69.31,67.60
7/20/2018,70.46,69.39,71.10,69.37
7/19/2018,69.46,69.00,70.17,67.80
7/18/2018,68.76,67.61,69.06,67.06
7/17/2018,68.08,68.03,68.44,67.03
7/16/2018,68.06,70.52,70.87,67.58
7/13/2018,71.01,70.38,71.66,69.84
7/12/2018,70.33,70.60,71.23,69.23
7/11/2018,70.38,74.20,74.26,70.02
7/10/2018,74.11,74.04,74.70,73.65
7/9/2018,73.85,73.87,74.28,72.99
7/6/2018,73.80,73.16,74.01,72.14
7/5/2018,72.94,74.23,74.90,72.53
7/3/2018,74.14,74.08,75.27,72.73
7/2/2018,73.94,73.62,74.35,72.51
6/29/2018,74.15,73.33,74.46,72.93
6/28/2018,73.45,72.27,74.03,72.25
6/27/2018,72.76,70.68,73.06,70.56
6/26/2018,70.53,68.21,70.91,67.72
6/25/2018,68.08,68.75,69.44,67.78
6/22/2018,68.58,65.93,69.38,65.71
6/21/2018,65.54,,66.22,64.34
6/20/2018,66.22,65.11,66.53,65.01
6/19/2018,65.07,65.82,65.90,64.39
6/18/2018,65.85,64.40,65.98,63.59
6/15/2018,65.06,67.00,67.09,64.29
6/14/2018,66.89,66.62,67.16,66.36
6/13/2018,66.64,66.01,66.89,65.52
6/12/2018,66.36,66.05,66.69,65.87
6/11/2018,66.10,65.56,66.35,64.85
6/8/2018,65.74,65.98,66.24,65.33
6/7/2018,65.95,65.07,66.07,64.81
6/6/2018,64.73,65.51,65.96,64.27
6/5/2018,65.52,64.94,65.57,64.22
6/4/2018,64.75,65.71,66.04,64.57
6/1/2018,65.81,67.07,67.34,65.51
5/31/2018,67.04,68.24,68.30,66.56
5/30/2018,68.21,66.85,68.67,66.35
5/29/2018,66.73,67.55,67.55,65.80
5/25/2018,67.88,70.65,70.80,67.42
5/24/2018,70.71,71.83,72.00,70.52
5/23/2018,71.84,,,71.19
5/22/2018,72.13,72.53,72.83,71.90
5/21/2018,72.24,,,
5/18/2018,71.28,71.60,71.75,70.99
5/17/2018,71.49,71.56,72.30,71.09
5/16/2018,71.49,71.02,71.59,70.66
5/15/2018,71.31,71.15,71.89,70.42
5/14/2018,70.96,70.54,71.26,70.26
5/11/2018,70.70,71.45,71.63,70.45
5/10/2018,71.36,71.23,71.89,70.56
5/9/2018,71.14,70.05,71.36,69.85
5/8/2018,69.06,70.03,70.40,67.63
5/7/2018,70.73,69.85,70.84,69.51
5/4/2018,69.72,68.50,69.97,68.12
5/3/2018,68.43,67.68,68.60,67.21
5/2/2018,67.93,67.49,68.14,66.92
5/1/2018,67.25,68.56,68.90,66.85
4/30/2018,68.57,68.15,69.34,67.17
4/27/2018,68.10,68.21,68.36,67.65
4/26/2018,68.19,68.03,68.78,67.71
4/25/2018,68.05,67.75,68.18,67.11
4/24/2018,67.70,68.95,69.38,67.54
4/23/2018,68.64,68.22,69.03,67.14
4/20/2018,68.38,68.26,68.62,67.50
4/19/2018,68.29,68.75,69.56,67.98
4/18/2018,68.47,66.68,68.90,66.56
4/17/2018,66.52,66.42,66.75,65.56
4/16/2018,66.22,67.24,67.74,66.13
4/13/2018,67.39,67.18,67.76,66.70
4/12/2018,67.07,66.75,67.33,66.00
4/11/2018,66.82,65.58,67.33,65.15
4/10/2018,65.51,63.30,65.86,63.20
4/9/2018,63.42,62.00,63.61,61.93
4/6/2018,62.06,63.70,63.79,61.81
4/5/2018,63.54,63.60,64.12,63.07
4/4/2018,63.37,,,62.06
4/3/2018,63.51,62.89,63.86,62.86
4/2/2018,63.01,64.91,65.42,62.80
3/29/2018,64.94,64.69,65.26,64.17
3/28/2018,64.38,64.70,65.13,63.72
3/27/2018,65.25,65.53,66.41,64.53
3/26/2018,65.55,65.90,66.55,65.08
3/23/2018,65.88,64.28,66.00,64.11
3/22/2018,64.30,65.70,65.74,64.14
3/21/2018,65.17,,65.55,63.58
3/20/2018,63.40,62.10,63.81,62.08
3/19/2018,62.06,62.23,62.35,61.36
3/16/2018,62.34,61.19,62.54,61.08
3/15/2018,61.19,60.95,61.54,60.82
3/14/2018,60.96,60.87,61.33,60.11
3/13/2018,60.71,61.37,61.97,60.27
3/12/2018,61.36,62.04,,60.67
3/9/2018,62.04,60.27,62.18,60.14
3/8/2018,60.12,61.33,61.40,59.95
3/7/2018,61.15,62.30,62.58,60.58
3/6/2018,62.60,62.58,63.28,62.17
3/5/2018,62.57,61.55,62.79,61.10
3/2/2018,61.25,61.34,61.60,60.13
3/1/2018,60.99,61.55,61.83,60.18
2/28/2018,61.64,62.79,63.44,61.36
2/27/2018,63.01,64.06,64.08,62.64
2/26/2018,63.91,63.60,64.24,63.06
2/23/2018,63.55,62.60,63.73,62.33
2/22/2018,62.77,61.34,63.09,60.75
2/21/2018,61.68,,61.86,60.92
2/20/2018,61.90,61.63,62.74,61.58
2/16/2018,61.68,61.45,61.99,60.88
2/15/2018,61.34,60.71,61.64,59.72
2/14/2018,60.73,,,
2/13/2018,59.19,59.35,59.73,58.39
2/12/2018,59.29,59.12,60.83,59.10
2/9/2018,59.20,60.43,60.77,58.07
2/8/2018,61.15,61.70,62.09,60.27
2/7/2018,61.79,63.92,64.18,61.25
2/6/2018,63.39,63.43,64.29,63.12
2/5/2018,64.15,65.10,65.40,63.42
2/2/2018,65.45,65.99,66.30,64.47
2/1/2018,65.80,64.76,66.25,64.63
1/31/2018,64.73,64.03,64.94,63.67
1/30/2018,64.50,65.53,65.56,63.89
1/29/2018,65.56,66.18,66.46,64.98
1/26/2018,66.14,65.25,66.35,64.91
1/25/2018,65.51,65.88,66.66,65.08
1/24/2018,65.61,64.42,66.05,64.34
1/23/2018,64.47,,64.88,63.70
1/22/2018,63.49,63.61,64.14,63.17
1/19/2018,63.37,63.74,63.77,62.85
1/18/2018,63.95,64.07,64.35,63.47
1/17/2018,63.97,63.89,64.17,63.31
1/16/2018,63.73,64.43,64.89,63.39
1/12/2018,64.30,63.57,64.50,63.06
1/11/2018,63.80,63.50,64.77,63.43
1/10/2018,63.57,63.41,63.67,63.09
1/9/2018,62.96,61.92,63.48,61.80
1/8/2018,61.73,61.61,61.97,61.34
1/5/2018,61.44,61.90,62.04,61.09
1/4/2018,62.01,61.96,62.21,61.59
1/3/2018,61.63,60.39,61.97,60.28
1/2/2018,60.37,60.20,60.74,60.10
1/1/2018,60.10,,,
12/29/2017,60.42,59.91,60.51,59.82
12/28/2017,59.84,59.53,59.94,59.44
12/27/2017,59.64,59.79,59.93,59.33
12/26/2017,59.97,58.40,60.01,58.32
12/22/2017,58.47,58.21,58.50,57.87
12/21/2017,58.36,58.02,58.38,57.63
12/20/2017,58.09,,58.12,57.44
12/19/2017,57.46,57.30,57.64,57.16
12/18/2017,57.16,57.37,57.78,56.82
12/15/2017,57.30,57.15,57.49,56.94
12/14/2017,57.04,56.70,57.22,56.09
12/13/2017,56.60,57.45,57.83,56.55
12/12/2017,57.14,58.02,58.56,56.85
12/11/2017,57.99,57.25,58.08,56.91
12/8/2017,57.36,56.65,57.79,56.54
12/7/2017,56.69,56.00,56.78,55.82
12/6/2017,55.96,57.45,57.57,55.87
12/5/2017,57.62,57.48,57.92,57.08
12/4/2017,57.47,58.32,58.34,57.35
12/1/2017,58.36,57.42,58.88,57.29
11/30/2017,57.40,57.41,57.98,57.05
11/29/2017,57.30,57.73,58.30,56.75
11/28/2017,57.99,57.86,58.11,57.42
11/27/2017,58.11,58.95,58.99,57.55
11/24/2017,58.95,58.05,59.05,57.75
11/22/2017,58.02,57.12,58.15,57.03
11/21/2017,56.83,,57.22,
11/20/2017,56.09,56.69,56.76,55.57
11/17/2017,56.55,55.25,56.68,55.18
11/16/2017,55.14,55.30,55.62,54.93
11/15/2017,55.33,55.06,55.56,54.88
11/14/2017,55.70,56.72,56.77,54.81
11/13/2017,56.76,56.90,57.15,56.30
11/10/2017,56.74,57.02,57.35,56.55
11/9/2017,57.17,56.85,57.53,56.69
11/8/2017,56.81,56.96,57.92,56.41
11/7/2017,57.20,57.27,57.69,56.83
11/6/2017,57.35,55.97,57.61,55.66
11/3/2017,55.64,54.73,55.76,54.40
11/2/2017,54.54,54.28,54.84,53.99
11/1/2017,54.30,54.65,55.22,53.89
10/31/2017,54.38,54.08,54.85,53.93
10/30/2017,54.15,54.16,54.46,53.75
10/27/2017,53.90,52.80,54.20,52.25
10/26/2017,52.64,52.19,52.86,51.91
10/25/2017,52.18,52.56,52.57,51.89
10/24/2017,52.47,51.89,52.62,51.55
10/23/2017,51.90,52.07,52.30,51.68
10/20/2017,51.47,51.42,51.73,50.70
10/19/2017,51.29,52.05,52.17,51.07
10/18/2017,52.04,51.94,52.33,51.69
10/17/2017,51.88,51.93,52.25,51.21
10/16/2017,51.87,51.43,52.37,51.35
10/13/2017,51.45,50.73,51.72,50.70
10/12/2017,50.60,51.00,51.13,50.15
10/11/2017,51.30,50.94,51.42,50.61
10/10/2017,50.92,49.55,51.06,49.54
10/9/2017,49.58,49.25,49.79,49.13
10/6/2017,49.29,50.75,50.82,49.10
10/5/2017,50.79,49.88,51.22,49.85
10/4/2017,49.98,50.16,50.67,49.76
10/3/2017,50.42,50.59,50.73,50.14
10/2/2017,50.58,51.64,51.71,50.07
9/29/2017,51.67,51.58,51.77,51.25
9/28/2017,51.56,52.05,52.86,51.22
9/27/2017,52.14,52.09,52.34,51.63
9/26/2017,51.88,52.12,52.43,51.43
9/25/2017,52.22,50.68,52.28,50.39
9/22/2017,50.66,50.73,50.78,50.29
9/21/2017,50.55,,50.81,50.07
9/20/2017,50.41,49.84,50.65,49.75
9/19/2017,49.48,49.91,50.42,49.33
9/18/2017,49.91,49.85,50.33,49.19
9/15/2017,49.89,49.72,50.13,49.41
9/14/2017,49.89,49.31,50.50,49.15
9/13/2017,49.30,48.34,49.40,48.12
9/12/2017,48.23,48.12,48.44,47.73
9/11/2017,48.07,47.58,48.27,47.00
9/8/2017,47.48,49.07,49.26,47.27
9/7/2017,49.09,49.14,49.33,48.63
9/6/2017,49.16,48.59,49.42,48.52
9/5/2017,48.66,47.28,48.98,47.15
9/1/2017,47.29,47.08,47.35,46.56
8/31/2017,47.23,45.95,47.47,45.58
8/30/2017,45.96,46.31,46.72,45.84
8/29/2017,46.44,46.86,46.96,45.76
8/28/2017,46.57,47.89,48.20,46.15
8/25/2017,47.87,47.62,47.91,47.39
8/24/2017,47.43,48.36,48.43,47.06
8/23/2017,48.41,,48.50,47.53
8/22/2017,47.64,47.45,48.03,47.20
8/21/2017,47.37,48.72,48.75,47.03
8/18/2017,48.51,46.93,48.74,46.78
8/17/2017,47.09,46.80,47.19,46.46
8/16/2017,46.78,47.72,47.99,46.67
8/15/2017,47.55,47.49,47.90,47.02
8/14/2017,47.59,48.79,49.16,47.43
8/11/2017,48.82,48.52,48.98,47.98
8/10/2017,48.59,49.68,50.22,48.35
8/9/2017,49.56,49.00,49.72,48.90
8/8/2017,49.17,49.31,49.79,48.86
8/7/2017,49.39,49.59,49.73,48.54
8/4/2017,49.58,48.95,49.64,48.50
8/3/2017,49.03,49.59,49.96,48.78
8/2/2017,49.59,48.80,49.65,48.55
8/1/2017,49.16,50.21,50.43,48.37
7/31/2017,50.17,49.85,50.41,49.18
7/28/2017,49.71,49.17,49.81,48.86
7/27/2017,49.04,48.70,49.24,48.25
7/26/2017,48.75,48.51,48.87,47.86
7/25/2017,47.89,46.46,48.66,46.38
7/24/2017,46.34,45.62,46.53,45.40
7/21/2017,45.77,,47.21,45.54
7/20/2017,46.79,47.09,47.55,46.66
7/19/2017,47.12,46.25,47.26,46.14
7/18/2017,46.40,45.99,46.92,45.81
7/17/2017,46.02,46.68,46.88,45.89
7/14/2017,46.54,46.08,46.74,45.80
7/13/2017,46.08,45.44,46.28,44.99
7/12/2017,45.49,45.74,46.48,45.11
7/11/2017,45.04,44.58,45.81,43.83
7/10/2017,44.40,44.35,44.84,43.65
7/7/2017,44.23,45.35,45.42,43.78
7/6/2017,45.52,45.65,46.53,45.18
7/5/2017,45.13,47.04,47.32,44.52
7/3/2017,47.07,46.28,47.10,45.92
6/30/2017,46.04,44.89,46.35,44.88
6/29/2017,44.93,44.89,45.45,44.65
6/28/2017,44.74,43.70,44.90,43.67
6/27/2017,44.24,43.49,44.44,43.32
6/26/2017,43.38,43.16,43.65,42.63
6/23/2017,43.01,42.80,43.20,42.53
6/22/2017,42.74,42.55,43.31,42.26
6/21/2017,42.53,,44.20,42.06
6/20/2017,43.23,44.11,44.40,42.75
6/19/2017,44.20,44.68,45.06,44.05
6/16/2017,44.74,44.25,44.94,44.24
6/15/2017,44.46,44.69,44.81,44.22
6/14/2017,44.73,45.94,46.49,44.55
6/13/2017,46.46,46.01,46.57,45.56
6/12/2017,46.08,45.80,46.71,45.66
6/9/2017,45.83,45.71,46.18,45.27
6/8/2017,45.64,45.85,46.18,45.20
6/7/2017,45.72,47.98,48.23,45.65
6/6/2017,48.19,47.40,48.40,46.94
6/5/2017,47.40,47.71,48.42,46.86
6/2/2017,47.66,48.04,48.19,46.74
6/1/2017,48.36,48.63,49.17,47.90
5/31/2017,48.32,49.65,49.71,47.73
5/30/2017,49.66,49.93,50.28,49.03
5/26/2017,49.80,48.75,49.94,48.18
5/25/2017,48.90,51.25,52.00,48.45
5/24/2017,51.36,51.44,51.88,51.06
5/23/2017,51.47,,51.79,50.57
5/22/2017,50.73,50.60,51.06,50.44
5/19/2017,50.33,49.28,50.53,49.28
5/18/2017,49.35,48.93,49.60,48.05
5/17/2017,49.07,48.23,49.50,48.03
5/16/2017,48.66,48.82,49.34,48.17
5/15/2017,48.85,47.85,49.66,47.75
5/12/2017,47.84,47.81,48.07,47.35
5/11/2017,47.83,47.39,48.22,47.34
5/10/2017,47.33,46.18,47.78,46.01
5/9/2017,45.88,46.49,46.78,45.53
5/8/2017,46.43,46.35,46.98,45.73
5/5/2017,46.22,45.51,46.68,43.76
5/4/2017,45.52,47.60,47.75,45.29
5/3/2017,47.82,48.12,48.23,47.30
5/2/2017,47.66,48.78,49.28,47.35
5/1/2017,48.84,49.17,49.32,48.59
4/28/2017,49.33,49.27,49.76,48.80
4/27/2017,48.97,49.22,49.43,48.20
4/26/2017,49.62,49.36,50.20,48.95
4/25/2017,49.56,49.22,49.83,48.87
4/24/2017,49.23,49.68,50.22,49.03
4/21/2017,49.62,,50.93,49.20
4/20/2017,50.27,50.63,50.97,50.18
4/19/2017,50.44,52.36,52.65,50.09
4/18/2017,52.41,52.75,52.85,52.10
4/17/2017,52.65,52.97,53.21,52.55
4/13/2017,53.18,52.85,53.39,52.82
4/12/2017,53.11,53.40,53.76,52.71
4/11/2017,53.40,53.13,53.45,52.70
4/10/2017,53.08,52.31,53.18,52.29
4/7/2017,52.24,51.70,52.94,51.49
4/6/2017,51.70,50.80,51.82,50.77
4/5/2017,51.15,51.18,51.88,50.74
4/4/2017,51.03,50.24,51.30,49.88
4/3/2017,50.24,50.69,50.83,50.12
3/31/2017,50.60,50.25,50.84,49.90
3/30/2017,50.35,49.60,50.47,49.27
3/29/2017,49.51,48.56,49.63,48.38
3/28/2017,48.37,47.85,48.75,47.82
3/27/2017,47.73,48.16,48.25,47.08
3/24/2017,47.97,47.79,48.20,47.54
3/23/2017,47.70,48.25,48.48,47.58
3/22/2017,48.04,48.11,48.32,47.05
3/21/2017,48.24,,49.48,48.00
3/20/2017,48.22,48.54,48.70,47.90
3/17/2017,48.78,48.82,49.20,48.61
3/16/2017,48.75,49.10,49.61,48.45
3/15/2017,48.86,48.51,49.09,48.17
3/14/2017,47.72,48.37,48.79,47.10
3/13/2017,48.40,48.40,48.68,47.94
3/10/2017,48.49,49.54,50.12,48.29
3/9/2017,49.28,50.49,50.84,48.61
3/8/2017,50.28,52.82,52.92,50.06
3/7/2017,53.14,53.18,53.79,52.73
3/6/2017,53.20,53.28,53.55,52.77
3/3/2017,53.33,52.69,53.39,52.58
3/2/2017,52.61,53.72,53.80,52.56
3/1/2017,53.83,53.94,54.43,53.65
2/28/2017,54.01,54.14,54.22,53.19
2/27/2017,54.05,54.03,54.60,53.98
2/24/2017,53.99,54.34,54.49,53.77
2/23/2017,54.45,53.98,54.92,53.93
2/22/2017,53.59,54.37,54.60,53.38
2/21/2017,54.33,53.98,55.06,53.97
2/20/2017,54.02,53.92,54.24,53.73
2/17/2017,53.40,53.47,53.51,52.91
2/16/2017,53.36,53.03,53.59,52.70
2/15/2017,53.11,53.02,53.51,52.75
2/14/2017,53.20,53.04,53.71,52.87
2/13/2017,52.93,53.77,53.89,52.77
2/10/2017,53.86,53.07,54.20,52.90
2/9/2017,53.00,52.53,53.21,52.47
2/8/2017,52.34,51.49,52.67,51.38
2/7/2017,52.17,53.13,53.22,51.64
2/6/2017,53.01,53.86,54.13,52.90
2/3/2017,53.83,53.86,54.22,53.41
2/2/2017,53.54,53.54,54.34,53.35
2/1/2017,53.88,52.78,54.03,52.64
1/31/2017,52.81,52.66,53.56,52.25
1/30/2017,52.63,52.95,53.46,52.42
1/27/2017,53.17,53.72,54.08,52.58
1/26/2017,53.78,53.02,54.06,52.79
1/25/2017,52.75,53.00,53.47,52.56
1/24/2017,53.18,52.93,53.55,52.69
1/23/2017,52.75,53.28,53.43,52.22
1/20/2017,53.22,52.31,53.66,52.13
1/19/2017,51.37,51.49,51.84,51.14
1/18/2017,51.08,52.48,52.79,50.93
1/17/2017,52.48,52.52,53.53,52.26
1/16/2017,52.64,52.52,52.72,52.12
1/13/2017,52.37,52.99,53.15,52.28
1/12/2017,53.01,52.28,53.49,52.11
1/11/2017,52.25,51.00,52.77,50.75
1/10/2017,50.82,52.00,52.35,50.72
1/9/2017,51.96,53.77,53.81,51.75
1/6/2017,53.99,53.69,54.32,53.33
1/5/2017,53.76,53.23,54.11,52.79
1/4/2017,53.26,52.62,53.40,52.16
1/3/2017,52.33,53.95,55.22,52.12
12/30/2016,53.72,53.96,54.08,53.42
12/29/2016,53.77,53.64,54.23,53.60
12/28/2016,54.06,53.81,54.36,53.57
12/27/2016,53.90,53.15,54.17,53.04
12/23/2016,53.02,52.68,53.12,52.27
12/22/2016,52.95,52.58,53.19,52.09
12/21/2016,52.49,53.53,53.78,52.33
12/20/2016,53.30,53.07,53.77,52.86
12/19/2016,52.12,52.06,52.55,51.53
12/16/2016,51.90,51.08,52.08,50.52
12/15/2016,50.90,50.87,51.49,49.95
12/14/2016,51.04,52.29,52.78,50.68
12/13/2016,52.98,52.72,53.40,52.35
12/12/2016,53.19,54.42,54.49,52.77
12/9/2016,51.40,51.21,51.66,50.93
12/8/2016,50.70,49.82,50.88,49.65
12/7/2016,50.23,50.62,51.21,49.83
12/6/2016,50.86,51.44,51.62,50.25
12/5/2016,51.89,51.59,52.42,51.58
12/2/2016,51.51,50.85,51.67,50.16
12/1/2016,51.46,49.64,51.80,49.09
11/30/2016,49.82,45.95,49.87,45.86
11/29/2016,45.39,46.66,46.90,44.81
11/28/2016,47.14,45.41,47.66,45.41
11/25/2016,45.92,47.61,47.73,45.85
11/24/2016,47.99,47.87,48.27,47.82
11/23/2016,48.09,48.17,48.40,47.41
11/22/2016,47.60,48.37,49.22,47.18
11/21/2016,47.63,46.39,47.83,46.07
11/18/2016,45.33,44.66,45.79,44.52
11/17/2016,45.52,45.42,46.56,45.42
11/16/2016,45.80,45.62,46.36,45.02
11/15/2016,45.49,44.31,45.53,44.17
11/14/2016,43.53,43.40,43.71,42.18
11/11/2016,43.44,44.42,44.50,43.07
11/10/2016,44.85,45.45,45.56,44.42
11/9/2016,45.35,44.33,45.97,44.25
11/8/2016,45.21,44.94,45.41,44.42
11/7/2016,44.69,44.71,45.01,44.09
11/4/2016,44.11,44.46,44.87,43.56
11/3/2016,44.73,45.50,45.91,44.34
11/2/2016,45.51,46.12,46.23,44.96
11/1/2016,46.79,47.17,47.18,46.18
10/31/2016,46.75,48.65,48.75,46.70
10/28/2016,48.61,49.63,49.76,48.61
10/27/2016,49.82,49.15,50.04,49.00
10/26/2016,49.11,49.37,50.09,48.85
10/25/2016,50.13,50.67,50.96,49.76
10/24/2016,50.02,50.81,50.99,49.64
10/21/2016,50.74,50.50,51.04,50.21
10/20/2016,50.45,51.07,51.25,50.27
10/19/2016,51.71,50.88,51.95,50.75
10/18/2016,50.17,50.28,50.55,49.76
10/17/2016,49.77,49.99,50.56,49.49
10/14/2016,50.08,51.08,51.16,49.87
10/13/2016,50.50,49.74,50.60,49.33
10/12/2016,50.20,51.10,51.16,49.90
10/11/2016,50.66,51.38,51.54,50.40
10/10/2016,51.35,49.56,51.61,49.39
10/7/2016,49.81,50.72,50.74,49.43
10/6/2016,50.36,49.57,50.52,49.32
10/5/2016,49.83,49.24,49.94,49.16
10/4/2016,48.84,48.42,49.14,48.27
9/30/2016,48.08,47.36,48.25,47.03
9/29/2016,47.69,46.92,48.34,46.59
9/28/2016,45.99,44.79,46.03,44.36
9/27/2016,44.51,45.67,45.74,44.21
9/26/2016,46.06,44.61,46.21,44.43
9/23/2016,44.50,45.84,46.55,44.27
9/22/2016,46.38,45.82,46.53,45.58
9/21/2016,45.16,44.95,45.46,44.68
9/20/2016,43.54,43.08,44.06,42.55
9/19/2016,43.42,43.80,44.16,43.24
9/16/2016,42.99,43.52,43.60,42.74
9/15/2016,44.08,43.69,44.32,43.32
9/14/2016,44.00,45.14,45.36,43.75
9/13/2016,45.09,45.61,45.73,44.77
9/12/2016,46.28,45.01,46.50,44.72
9/9/2016,46.00,47.14,47.22,45.83
9/8/2016,47.49,46.47,47.61,45.81
9/7/2016,45.38,45.30,45.57,44.54
9/6/2016,44.63,45.30,45.39,43.85
9/5/2016,45.19,44.55,46.53,44.50
9/2/2016,44.49,43.27,44.58,43.15
9/1/2016,43.38,45.00,45.08,43.28
8/31/2016,44.65,46.24,46.30,44.50
8/30/2016,46.40,47.38,47.49,46.23
8/29/2016,47.09,46.81,47.25,46.59
8/26/2016,47.50,47.29,48.43,46.98
8/25/2016,47.04,46.88,47.30,46.42
8/24/2016,46.77,47.17,47.70,46.45
8/23/2016,48.13,46.96,48.31,46.61
8/22/2016,47.08,47.65,47.87,46.91
8/19/2016,48.34,48.69,48.71,47.90
8/18/2016,48.26,47.12,48.31,46.84
8/17/2016,46.39,46.39,46.82,45.89
8/16/2016,46.38,45.45,46.62,45.30
8/15/2016,45.65,44.84,45.72,44.35
8/12/2016,44.41,43.74,44.56,43.28
8/11/2016,43.55,41.60,43.87,41.09
8/10/2016,42.00,42.44,43.37,41.82
8/9/2016,42.79,42.60,43.50,42.49
8/8/2016,43.33,41.99,43.38,41.99
8/5/2016,41.54,41.81,42.06,41.05
8/4/2016,41.88,40.93,42.08,40.41
8/3/2016,40.80,39.47,41.03,39.33
8/2/2016,39.40,40.25,40.89,39.24
8/1/2016,39.99,41.56,41.58,39.86
7/29/2016,41.45,40.90,41.65,40.54
7/28/2016,41.10,41.94,42.22,41.01
7/27/2016,42.02,42.68,43.23,41.74
7/26/2016,42.84,43.24,43.26,42.36
7/25/2016,43.09,44.11,44.14,42.96
7/22/2016,43.86,44.33,44.95,43.74
7/21/2016,45.07,45.99,46.08,44.79
7/20/2016,44.91,44.52,45.28,43.69
7/19/2016,44.80,45.17,45.66,44.67
7/18/2016,45.19,45.86,46.05,44.85
7/15/2016,46.00,45.24,46.29,45.02
7/14/2016,45.62,45.33,45.81,45.01
7/13/2016,44.77,46.10,46.55,44.66
7/12/2016,46.67,44.93,46.95,44.90
7/11/2016,44.92,45.06,45.78,44.51
7/8/2016,45.43,45.45,46.01,44.77
7/7/2016,45.34,47.70,48.28,44.96
7/6/2016,47.43,46.66,47.55,45.90
7/5/2016,46.51,48.20,48.22,46.32
7/4/2016,48.79,49.25,49.33,48.69
7/1/2016,48.56,48.51,48.78,47.90
6/30/2016,49.07,49.42,49.61,48.49
6/29/2016,49.50,48.32,49.56,48.07
6/28/2016,47.52,47.21,47.81,46.83
6/27/2016,46.00,47.94,47.99,45.86
6/24/2016,47.87,47.66,48.37,47.36
6/23/2016,49.74,49.33,50.01,49.21
6/22/2016,48.59,50.39,50.54,48.39
6/21/2016,48.68,48.95,49.18,48.14
6/20/2016,49.14,48.49,49.36,48.45
6/17/2016,47.57,46.62,47.75,46.54
6/16/2016,46.45,47.47,47.55,46.13
6/15/2016,48.21,48.06,48.70,47.58
6/14/2016,48.25,48.40,48.73,48.00
6/13/2016,48.71,48.46,49.28,48.15
6/10/2016,49.31,49.96,50.13,49.12
6/9/2016,50.60,51.49,51.49,50.21
6/8/2016,51.18,50.38,51.33,50.29
6/7/2016,50.13,49.70,50.38,49.62
6/6/2016,49.31,49.01,49.92,48.97
6/3/2016,48.47,49.25,49.42,48.33
6/2/2016,49.12,48.94,49.47,47.96
6/1/2016,48.82,48.63,49.09,47.76
5/31/2016,49.37,49.48,50.09,49.27
5/30/2016,49.57,49.21,49.67,49.05
5/27/2016,49.25,49.10,49.45,48.67
5/26/2016,49.56,49.99,50.23,49.22
5/25/2016,49.29,49.25,49.60,48.70
5/24/2016,48.76,47.82,48.93,47.80
5/23/2016,48.01,47.81,48.10,47.57
5/20/2016,47.89,48.43,48.71,47.45
5/19/2016,47.95,47.65,47.96,46.74
5/18/2016,48.76,48.33,48.92,48.01
5/17/2016,47.94,48.26,48.40,47.50
5/13/2016,46.23,46.11,46.50,45.76
5/12/2016,46.56,46.23,47.02,45.65
5/11/2016,46.11,44.24,46.31,43.97
5/10/2016,44.50,43.88,44.60,43.17
5/9/2016,43.62,45.41,45.80,43.32
5/6/2016,44.69,43.90,45.31,43.54
5/5/2016,44.17,45.10,46.06,43.94
5/4/2016,43.42,43.89,44.89,43.22
5/3/2016,43.39,45.31,45.38,43.33
5/2/2016,44.68,45.48,46.10,44.53
4/29/2016,45.39,46.22,46.79,45.32
4/28/2016,46.06,45.05,46.08,45.03
4/27/2016,44.60,44.57,45.18,43.77
4/26/2016,44.01,42.91,44.20,42.78
4/25/2016,43.85,43.37,44.06,42.82
4/22/2016,43.86,43.79,44.47,43.10
4/21/2016,43.41,44.03,44.49,43.02
4/20/2016,42.55,40.14,42.72,39.83
4/19/2016,41.01,40.41,41.53,39.77
4/18/2016,39.73,38.32,40.21,38.31
4/15/2016,40.55,41.51,41.69,40.04
4/14/2016,41.74,40.92,42.15,40.86
4/13/2016,42.02,41.33,42.42,41.25
4/12/2016,41.94,40.22,42.06,40.22
4/11/2016,40.13,39.50,40.75,39.24
4/8/2016,39.29,38.14,39.84,38.12
4/7/2016,37.05,38.17,38.20,36.65
4/6/2016,37.56,36.79,37.83,36.55
4/5/2016,35.60,35.36,35.91,35.22
4/4/2016,35.96,,37.19,35.95
4/1/2016,36.72,,,36.65
3/23/2016,39.80,39.20,39.46,38.75
3/21/2016,41.63,40.67,41.78,40.42
3/18/2016,41.16,41.61,42.49,41.04
3/17/2016,41.67,40.49,41.70,40.19
3/16/2016,40.09,38.64,40.14,38.40
3/15/2016,38.52,38.36,38.55,37.73
3/14/2016,39.06,39.73,39.77,38.45
3/11/2016,40.10,40.27,40.47,39.61
3/10/2016,39.53,39.87,40.15,38.93
3/9/2016,38.24,36.74,38.34,36.54
3/8/2016,36.25,37.49,38.39,36.22
3/7/2016,37.96,36.59,38.09,36.10
3/4/2016,36.23,34.80,36.24,34.42
3/3/2016,34.69,34.62,35.31,34.21
3/2/2016,34.90,34.22,35.10,33.56
3/1/2016,34.38,34.13,34.75,33.39
2/29/2016,33.82,32.71,33.95,32.34
2/26/2016,32.97,33.02,34.64,32.68
2/25/2016,33.02,31.94,33.48,31.09
2/24/2016,32.26,31.20,32.40,30.57
2/23/2016,31.86,32.90,33.51,31.67
2/22/2016,33.44,32.37,33.83,32.27
2/19/2016,32.08,32.75,32.98,31.36
2/18/2016,32.50,33.31,34.19,32.46
2/17/2016,32.92,31.04,33.40,30.82
2/16/2016,31.21,33.21,33.73,30.68
2/15/2016,31.92,31.70,32.46,31.35
2/12/2016,31.24,30.22,31.97,29.80
2/11/2016,30.02,29.57,30.10,28.75
2/10/2016,29.72,30.28,31.15,29.44
2/9/2016,28.49,29.94,30.60,27.77
2/8/2016,30.11,31.14,31.38,29.60
2/5/2016,31.03,31.73,32.40,30.64
2/4/2016,31.75,32.87,33.58,31.54
2/3/2016,32.51,29.79,32.55,29.75
2/2/2016,29.88,31.08,31.28,29.83
2/1/2016,31.38,32.93,33.36,31.30
1/29/2016,33.63,33.85,34.38,32.67
1/28/2016,33.77,31.81,34.77,31.80
1/27/2016,31.95,30.94,32.82,30.15
1/26/2016,31.23,29.49,32.41,29.28
1/25/2016,29.76,32.47,32.49,29.76
1/22/2016,32.27,30.83,32.33,30.54
1/21/2016,29.76,28.14,30.23,27.89
1/20/2016,28.63,28.75,29.19,27.57
1/19/2016,29.56,30.58,31.35,29.43
1/18/2016,30.10,29.84,30.87,29.68
1/15/2016,30.60,31.24,31.39,30.08
1/14/2016,32.10,31.73,32.51,31.43
1/13/2016,31.66,31.84,32.66,31.10
1/12/2016,31.94,31.68,33.24,31.05
1/11/2016,32.22,33.42,34.31,32.05
1/8/2016,34.08,35.21,35.32,33.79
1/7/2016,33.25,32.73,34.24,32.12
1/6/2016,33.98,36.04,36.09,33.80
1/5/2016,35.80,36.86,37.00,35.76
1/4/2016,36.89,37.64,38.37,36.36
12/31/2015,36.98,36.68,37.76,36.24
12/30/2015,36.73,37.20,37.26,36.45
12/29/2015,37.88,36.95,37.94,36.86
12/28/2015,36.72,37.71,37.71,36.68
12/25/2015,38.11,38.11,38.11,38.11
12/24/2015,38.08,37.71,38.28,37.40
12/23/2015,37.83,36.47,37.92,36.40
12/22/2015,36.16,36.06,36.50,35.68
12/21/2015,35.78,35.73,36.09,35.37
12/18/2015,35.88,36.16,36.93,35.70
12/17/2015,36.03,36.72,37.05,35.99
12/16/2015,36.90,38.20,38.49,36.57
12/15/2015,38.31,37.49,39.12,37.34
12/14/2015,37.52,37.10,37.96,36.11
12/11/2015,37.14,38.33,38.50,36.97
12/10/2015,38.17,39.03,39.10,38.08
12/9/2015,37.24,38.28,38.96,36.88
12/8/2015,37.67,37.70,38.57,36.64
12/7/2015,37.76,39.62,39.75,37.53
12/4/2015,40.11,41.20,41.97,39.64
12/3/2015,41.15,40.46,41.75,40.12
12/2/2015,40.15,41.54,41.92,39.85
12/1/2015,41.68,41.96,42.20,41.20
11/30/2015,41.66,41.63,42.61,41.52
11/27/2015,41.78,42.38,42.40,41.68
11/26/2015,42.51,43.07,43.19,42.30
11/25/2015,43.11,42.99,43.21,41.76
11/24/2015,42.87,42.08,43.45,41.89
11/23/2015,41.88,40.75,42.74,40.42
11/20/2015,41.59,41.91,42.73,41.38
11/19/2015,41.76,42.26,42.34,41.27
11/18/2015,41.98,42.04,42.64,41.31
11/17/2015,41.85,42.77,43.12,41.64
11/16/2015,43.12,42.18,43.23,41.22
11/13/2015,42.02,42.96,43.52,41.55
11/12/2015,42.94,44.39,44.48,42.86
11/11/2015,44.27,44.99,45.39,43.92
11/10/2015,44.13,44.11,44.74,43.59
11/9/2015,44.03,44.63,45.11,43.66
11/6/2015,44.54,45.55,45.64,44.13
11/5/2015,45.33,46.37,46.64,45.16
11/4/2015,46.52,47.85,48.26,46.18
11/3/2015,47.90,46.22,48.34,45.97
11/2/2015,46.14,46.39,46.70,45.57
10/30/2015,46.39,45.73,47.03,45.49
10/29/2015,45.75,45.56,46.74,45.18
10/28/2015,46.18,43.24,46.20,43.07
10/27/2015,43.41,43.50,43.74,42.61
10/26/2015,43.72,44.63,44.93,43.65
10/23/2015,44.63,45.57,45.75,44.22
10/22/2015,45.44,45.43,46.08,44.94
10/21/2015,45.17,45.97,46.01,44.90
10/20/2015,46.10,46.43,46.92,45.75
10/19/2015,46.45,47.39,47.61,46.26
10/16/2015,47.65,47.56,47.95,46.67
10/15/2015,47.32,47.00,47.37,45.81
10/14/2015,47.15,47.32,47.42,46.48
10/13/2015,47.12,47.92,48.89,46.95
10/12/2015,47.92,50.46,50.62,47.56
10/9/2015,50.03,50.96,51.42,49.73
10/8/2015,49.68,47.90,50.02,47.83
10/7/2015,48.19,49.55,49.70,47.72
10/6/2015,48.71,46.35,48.74,45.75
10/5/2015,46.41,45.81,46.90,45.66
10/2/2015,45.69,45.33,45.79,44.01
10/1/2015,45.09,45.74,47.07,44.65
9/30/2015,45.46,44.88,45.82,44.77
9/29/2015,45.21,44.44,45.70,44.37
9/28/2015,44.48,45.22,45.49,44.32
9/25/2015,45.56,45.35,46.35,45.04
9/24/2015,45.14,44.79,45.17,43.74
9/23/2015,44.69,46.19,47.15,44.42
9/22/2015,46.20,46.33,46.47,45.40
9/21/2015,46.60,45.60,46.98,45.39
9/18/2015,45.22,46.99,47.34,44.62
9/17/2015,47.14,47.56,48.05,46.71
9/16/2015,47.54,45.32,47.73,45.25
9/15/2015,45.11,44.59,45.40,44.38
9/14/2015,44.49,45.03,45.22,44.10
9/11/2015,45.32,46.19,46.30,44.67
9/10/2015,45.70,43.99,46.03,43.91
9/9/2015,44.33,46.02,46.21,44.11
9/8/2015,45.90,44.33,46.37,44.26
9/7/2015,44.25,45.68,45.82,44.17
9/4/2015,46.03,46.22,47.08,45.75
9/3/2015,46.87,46.05,48.41,45.75
9/2/2015,46.04,44.33,46.74,43.25
9/1/2015,45.22,47.73,48.85,44.86
8/31/2015,48.53,44.61,49.29,43.62
8/28/2015,45.38,43.32,45.87,41.81
8/27/2015,41.88,39.47,42.73,39.38
8/26/2015,38.97,39.61,39.85,38.53
8/25/2015,38.86,38.82,39.85,38.64
8/24/2015,38.13,39.39,39.45,38.07
8/21/2015,40.36,40.79,41.39,39.90
8/20/2015,40.84,41.04,41.80,40.53
8/19/2015,41.01,42.78,43.17,40.96
8/18/2015,42.86,42.29,43.37,41.95
8/17/2015,42.42,42.57,43.20,42.27
8/14/2015,42.68,42.84,43.54,42.65
8/13/2015,42.97,44.27,44.47,42.67
8/12/2015,44.08,43.74,44.63,43.56
8/11/2015,44.20,45.32,46.01,43.54
8/10/2015,44.77,43.59,45.00,43.56
8/7/2015,43.85,44.86,45.14,43.71
8/6/2015,44.76,45.17,45.19,44.21
8/5/2015,45.24,46.11,46.69,44.85
8/4/2015,45.82,45.57,46.21,45.45
8/3/2015,45.43,46.64,46.77,45.11
7/31/2015,46.90,48.18,48.61,46.75
7/30/2015,48.46,48.76,49.35,48.34
7/29/2015,48.88,47.85,49.50,47.40
7/28/2015,47.72,47.21,48.43,46.70
7/27/2015,47.07,47.95,48.19,47.06
7/24/2015,48.24,48.76,49.03,47.73
7/23/2015,48.61,49.26,49.60,48.22
7/22/2015,49.13,50.14,50.55,49.05
7/21/2015,50.89,50.22,51.39,50.11
7/20/2015,50.25,51.12,51.57,50.23
7/17/2015,51.14,51.28,51.43,50.51
7/16/2015,51.32,52.15,52.52,51.17
7/15/2015,51.83,53.59,53.65,51.60
7/14/2015,53.33,51.75,53.75,51.42
7/13/2015,52.68,52.20,53.64,51.77
7/10/2015,53.21,53.82,54.28,52.43
7/9/2015,52.82,52.54,53.52,52.11
7/8/2015,51.87,51.85,52.85,50.92
7/7/2015,52.96,52.86,53.43,50.60
7/6/2015,52.87,54.73,55.18,52.43
7/3/2015,55.52,56.64,56.79,55.43
7/2/2015,56.53,57.08,57.95,56.53
7/1/2015,57.00,58.63,58.96,56.71
6/30/2015,59.32,58.24,59.69,58.08
6/29/2015,58.19,58.66,59.25,58.05
6/26/2015,59.58,59.78,59.96,58.79
6/25/2015,59.64,60.18,60.45,59.44
6/24/2015,60.27,61.01,61.57,59.82
6/23/2015,61.09,60.35,61.34,59.58
6/22/2015,60.17,60.02,60.63,59.28
6/19/2015,59.78,60.67,60.91,59.25
6/18/2015,60.75,60.03,61.30,59.68
6/17/2015,60.25,60.51,61.81,59.36
6/16/2015,60.47,60.65,60.82,59.88
6/15/2015,60.10,60.21,60.41,59.20
6/12/2015,60.43,60.75,60.85,60.19
6/11/2015,61.10,61.61,61.91,60.65
6/10/2015,61.18,61.09,61.81,60.50
6/9/2015,59.89,58.46,60.37,58.24
6/8/2015,58.34,58.68,59.12,57.87
6/5/2015,58.94,58.01,59.22,56.87
6/4/2015,58.19,59.59,59.92,57.84
6/3/2015,59.74,60.85,61.24,59.35
6/2/2015,61.32,60.19,61.56,60.13
6/1/2015,60.31,59.81,60.55,59.34
5/29/2015,60.18,58.22,60.69,57.75
5/28/2015,57.88,57.76,58.02,56.53
5/27/2015,57.66,58.60,58.95,57.43
5/26/2015,58.26,59.88,59.92,57.74
5/25/2015,59.80,59.73,60.24,59.12
5/22/2015,59.90,60.59,60.77,59.37
5/21/2015,60.66,59.18,60.93,59.09
5/20/2015,58.73,58.38,59.02,58.11
5/19/2015,58.12,60.28,60.31,57.96
5/18/2015,60.48,60.72,61.70,59.88
5/15/2015,60.67,60.65,60.82,59.33
5/14/2015,60.75,61.34,61.80,60.40
5/13/2015,61.03,62.27,62.71,61.01
5/12/2015,61.37,60.16,62.14,60.11
5/11/2015,60.29,60.30,60.76,59.72
5/8/2015,60.40,59.58,60.81,59.10
5/7/2015,58.81,60.64,61.31,58.55
5/6/2015,60.62,61.40,62.57,60.56
5/5/2015,60.40,58.90,61.08,58.66
5/4/2015,58.97,59.13,59.73,58.47
5/1/2015,59.33,59.73,59.88,58.36
4/30/2015,59.63,58.55,59.77,58.44
4/29/2015,58.49,56.93,59.31,56.55
4/28/2015,57.02,56.25,57.82,56.15
4/27/2015,56.81,57.05,57.87,56.54
4/24/2015,57.20,57.44,57.93,56.51
4/23/2015,57.50,56.26,58.38,55.77
4/22/2015,56.29,55.75,57.14,55.74
4/21/2015,56.61,57.65,58.02,56.14
4/20/2015,57.80,58.07,58.61,56.45
4/17/2015,57.67,57.63,58.34,56.88
4/16/2015,57.99,57.61,58.78,56.58
4/15/2015,57.29,55.24,57.91,55.08
4/14/2015,54.73,54.17,55.32,53.83
4/13/2015,53.83,53.53,54.80,53.32
4/10/2015,53.56,52.42,53.67,51.78
4/9/2015,50.69,50.97,52.04,50.62
4/8/2015,50.93,52.92,53.08,50.40
4/7/2015,53.77,51.85,54.12,51.19
4/3/2015,49.52,49.52,49.52,49.52
4/2/2015,49.52,49.67,50.27,48.16
4/1/2015,49.59,47.33,50.43,47.06
3/31/2015,47.49,47.94,48.64,47.33
3/30/2015,48.56,48.15,49.14,47.63
3/27/2015,48.51,50.65,51.08,48.22
3/26/2015,51.23,51.08,52.47,49.84
3/25/2015,49.00,47.23,49.44,47.02
3/24/2015,47.63,46.80,48.55,46.68
3/23/2015,47.36,45.85,47.60,45.34
3/20/2015,46.46,45.41,47.35,44.84
3/19/2015,45.59,45.79,46.08,44.79
3/18/2015,46.76,44.50,47.48,44.04
3/17/2015,45.04,46.12,46.14,44.88
3/16/2015,46.11,46.66,47.15,45.16
3/13/2015,47.25,49.36,49.46,47.00
3/12/2015,49.08,50.31,50.69,48.89
3/11/2015,50.29,50.69,50.71,49.21
3/10/2015,48.66,50.03,50.03,48.21
3/9/2015,50.10,49.57,50.77,49.27
3/6/2015,49.66,50.90,51.22,49.23
3/5/2015,50.90,51.83,52.38,50.65
3/4/2015,51.76,50.51,51.97,49.63
3/3/2015,50.32,49.93,50.76,49.47
3/2/2015,49.83,49.39,51.02,48.72
2/27/2015,49.28,49.01,49.88,48.49
2/26/2015,49.02,50.86,50.94,47.85
2/25/2015,50.78,49.28,51.09,48.80
2/24/2015,49.06,49.04,50.26,48.74
2/23/2015,49.23,50.65,50.81,48.70
2/20/2015,50.77,52.24,52.45,50.71
2/19/2015,51.94,51.29,52.68,49.85
2/18/2015,52.38,54.01,54.17,52.16
2/17/2015,53.89,54.05,54.85,51.68
2/16/2015,53.51,53.61,54.09,52.95
2/13/2015,53.37,52.97,54.31,52.60
2/12/2015,52.15,50.63,52.52,50.59
2/11/2015,50.31,51.20,51.56,49.01
2/10/2015,51.46,52.96,53.35,50.79
2/9/2015,52.87,52.07,53.94,51.68
2/6/2015,52.05,51.84,53.14,50.98
2/5/2015,50.87,47.74,52.07,47.67
2/4/2015,48.87,52.40,52.43,47.99
2/3/2015,52.47,49.98,54.18,49.89
2/2/2015,49.76,47.07,49.95,46.86
1/30/2015,47.69,44.51,48.29,44.33
1/29/2015,44.58,44.47,44.95,43.61
1/28/2015,44.26,45.57,45.73,44.12
1/27/2015,46.03,45.00,46.53,44.82
1/26/2015,45.10,44.89,46.35,44.73
1/23/2015,45.46,47.09,47.37,45.36
1/22/2015,46.52,47.52,49.05,45.88
1/21/2015,47.52,46.79,48.18,46.57
1/20/2015,46.69,47.79,48.24,46.41
1/16/2015,48.98,47.03,49.29,46.92
1/15/2015,46.66,48.42,51.42,46.60
1/14/2015,48.84,45.79,49.37,45.65
1/13/2015,47.03,45.56,47.37,44.79
1/12/2015,46.52,48.04,48.23,46.51
1/9/2015,48.89,49.57,49.68,47.73
1/8/2015,49.49,49.35,49.66,48.23
1/7/2015,48.57,47.23,49.29,46.85
1/6/2015,47.73,49.87,49.88,47.57
1/5/2015,49.71,51.57,52.11,49.71
1/2/2015,52.59,53.82,53.83,52.06
12/31/2014,53.81,53.56,53.96,52.45
12/30/2014,53.65,53.13,54.30,52.71
12/29/2014,53.61,55.29,55.65,52.93
12/25/2014,55.89,55.89,55.89,55.89
12/24/2014,55.86,56.76,56.98,55.08
12/23/2014,57.00,55.58,57.53,55.12
12/22/2014,55.29,58.01,58.52,55.15
12/19/2014,58.05,54.83,58.39,54.44
12/18/2014,54.81,56.75,59.00,54.31
12/17/2014,56.41,55.83,59.25,54.62
12/16/2014,56.27,55.97,57.42,53.97
12/15/2014,55.57,58.44,58.99,55.44
12/12/2014,57.99,59.52,59.78,57.65
12/11/2014,59.89,61.44,61.86,59.82
12/10/2014,61.54,63.07,63.21,60.68
12/9/2014,63.81,62.70,64.08,62.48
12/8/2014,63.03,65.20,65.33,62.79
12/5/2014,65.74,66.47,66.83,65.18
12/4/2014,66.76,67.92,68.04,66.15
12/3/2014,67.41,67.24,68.17,66.82
12/2/2014,67.39,68.46,69.16,66.70
12/1/2014,69.35,64.69,69.52,63.74
11/28/2014,66.05,68.00,69.61,66.05
11/27/2014,69.08,72.82,73.13,67.77
11/26/2014,73.52,74.08,74.44,73.31
11/25/2014,73.84,75.81,76.58,73.81
11/24/2014,75.78,76.67,76.99,75.54
11/21/2014,76.63,76.28,77.79,75.62
11/20/2014,75.73,74.66,75.90,74.21
11/19/2014,74.42,74.32,75.40,73.92
11/18/2014,74.32,75.26,76.43,74.29
11/17/2014,75.54,75.18,75.82,74.76
11/14/2014,75.89,73.65,76.26,73.24
11/13/2014,74.57,77.02,77.06,74.07
11/12/2014,76.77,77.22,77.91,76.61
11/11/2014,77.46,77.12,77.93,76.43
11/10/2014,77.28,78.98,79.85,77.15
11/7/2014,78.45,77.66,79.40,77.55
11/6/2014,77.98,78.80,78.91,77.14
11/5/2014,78.90,76.78,79.34,76.49
11/4/2014,77.16,78.26,78.26,75.92
11/3/2014,78.37,80.12,80.98,78.16
10/31/2014,80.63,81.22,81.25,79.56
10/30/2014,80.96,81.84,81.90,80.74
10/29/2014,81.97,81.87,82.87,81.69
10/28/2014,81.56,80.84,81.65,80.54
10/27/2014,80.68,81.03,81.25,79.47
10/24/2014,81.34,81.67,81.82,80.38
10/23/2014,81.90,80.69,82.33,80.14
10/22/2014,80.43,82.56,83.13,80.24
10/21/2014,82.49,81.91,83.24,81.59
10/20/2014,82.06,82.46,82.69,80.81
10/17/2014,82.42,82.26,83.69,81.76
10/16/2014,81.93,79.89,83.53,79.27
10/15/2014,80.65,81.28,81.68,79.42
10/14/2014,82.86,84.30,84.78,82.82
10/13/2014,84.32,83.97,85.11,83.40
10/10/2014,84.81,83.21,85.54,83.21
10/9/2014,85.52,87.63,87.94,85.52
10/8/2014,87.63,87.85,88.37,86.93
10/7/2014,88.85,90.29,90.56,88.63
10/6/2014,90.45,89.61,90.74,88.80
10/3/2014,89.76,91.54,91.70,89.38
10/2/2014,91.31,90.63,91.43,88.20
10/1/2014,90.98,91.55,92.96,90.98
9/30/2014,91.43,94.59,94.90,90.93
9/29/2014,94.44,92.96,94.63,92.75
9/26/2014,93.45,92.49,93.86,92.24
9/25/2014,92.53,92.74,93.53,92.06
9/24/2014,93.01,91.74,93.29,91.14
9/23/2014,91.48,91.28,92.05,90.81
9/22/2014,90.81,91.32,91.92,90.43
9/19/2014,91.81,91.86,92.24,91.16
9/18/2014,91.95,92.67,93.58,91.85
9/17/2014,92.96,93.64,94.01,92.73
9/16/2014,93.69,91.84,94.09,91.54
9/15/2014,91.83,90.44,92.06,90.26
9/12/2014,91.28,91.28,92.16,0.00
9/11/2014,92.35,90.94,92.35,89.67
9/10/2014,91.09,92.13,92.13,90.56
9/9/2014,91.93,92.33,92.96,91.84
9/8/2014,92.25,92.62,92.97,91.26
9/5/2014,93.42,93.42,93.42,92.62
9/4/2014,94.52,95.20,95.38,94.35
9/3/2014,95.33,93.19,95.48,93.19
9/2/2014,92.99,95.81,95.82,92.82
9/1/2014,95.86,,95.86,95.54
8/29/2014,95.86,95.86,95.86,95.86
8/28/2014,94.60,93.78,94.64,93.51
8/27/2014,93.83,93.85,94.20,93.44
8/26/2014,93.96,93.52,94.27,93.40
8/25/2014,93.37,93.45,93.88,93.13
8/22/2014,93.61,93.61,93.61,93.61
8/21/2014,94.03,93.43,94.42,92.74
8/20/2014,93.43,92.90,93.51,92.79
8/19/2014,92.92,93.88,94.33,92.74
8/18/2014,93.77,94.85,94.85,93.52
8/15/2014,95.01,95.01,95.01,95.01
8/14/2014,94.02,96.45,96.65,94.02
8/13/2014,96.51,96.29,96.72,95.91
8/12/2014,96.52,97.05,97.05,96.15
8/11/2014,97.13,97.03,97.64,96.87
8/8/2014,96.72,96.72,97.03,96.72
8/7/2014,96.97,96.43,96.97,95.92
8/6/2014,96.40,96.87,97.20,96.14
8/5/2014,97.39,98.35,98.66,96.87
8/4/2014,98.56,97.93,98.57,97.59
8/1/2014,97.47,97.47,97.47,97.47
7/31/2014,98.03,99.52,99.64,97.89
7/30/2014,99.66,100.97,101.58,99.46
7/29/2014,100.81,101.51,101.79,100.46
7/28/2014,101.69,101.69,101.97,101.16
7/25/2014,101.99,101.99,101.99,101.69
7/24/2014,101.97,103.08,103.13,101.91
7/23/2014,102.97,102.13,103.31,101.94
7/22/2014,102.37,102.80,103.25,102.28
7/21/2014,102.83,101.82,102.93,101.58
7/18/2014,101.80,101.80,101.80,101.80
7/17/2014,102.07,100.88,102.28,100.76
7/16/2014,100.79,99.85,100.79,99.85
7/15/2014,99.47,100.52,100.55,98.86
7/14/2014,100.53,100.29,100.59,99.76
7/11/2014,100.22,100.22,100.22,100.22
7/10/2014,102.37,101.43,102.44,101.07
7/9/2014,101.74,102.84,102.90,101.49
7/8/2014,102.89,102.95,103.38,102.49
7/7/2014,103.48,103.90,103.98,102.95
7/4/2014,103.77,103.77,103.77,103.77
7/3/2014,104.03,104.02,104.20,103.74
7/2/2014,104.16,105.43,105.46,104.02
7/1/2014,105.42,105.57,105.96,104.61
6/30/2014,105.40,105.47,105.65,104.81
6/27/2014,105.76,105.76,105.76,105.47
6/26/2014,105.58,106.63,106.73,105.18
6/25/2014,106.61,106.70,106.70,105.74
6/24/2014,105.98,105.66,106.70,105.57
6/23/2014,106.03,107.10,107.31,105.95
6/20/2014,106.65,106.65,106.65,106.65
6/19/2014,106.12,105.91,106.23,105.36
6/18/2014,105.75,106.19,106.42,105.42
6/17/2014,105.76,106.17,106.62,105.60
6/16/2014,106.19,106.67,106.71,106.09
6/13/2014,106.10,106.10,106.67,106.10
6/12/2014,105.95,103.80,106.59,103.80
6/11/2014,103.68,103.53,103.95,103.46
6/10/2014,103.66,103.85,103.99,103.21
6/9/2014,103.58,102.04,103.85,102.04
6/6/2014,102.11,102.11,102.11,102.11
6/5/2014,102.61,102.35,102.61,101.73
6/4/2014,102.46,102.80,103.57,102.44
6/3/2014,102.77,102.49,102.79,102.26
6/2/2014,102.38,103.08,103.28,102.12
5/30/2014,102.80,102.80,102.80,102.80
5/29/2014,103.55,102.95,103.83,102.69
5/28/2014,102.87,104.24,104.37,102.68
5/27/2014,104.17,104.31,104.48,103.69
5/26/2014,104.19,104.10,104.25,103.98
5/23/2014,104.37,104.37,104.37,104.37
5/22/2014,103.86,103.94,104.10,103.65
5/21/2014,103.86,102.83,104.15,102.83
5/20/2014,102.44,102.15,102.44,101.79
5/19/2014,102.12,101.61,102.40,101.61
5/16/2014,101.61,101.61,101.61,101.61
5/15/2014,101.10,101.47,101.65,100.94
5/14/2014,101.48,101.28,101.92,101.28
5/13/2014,101.13,99.90,101.20,99.83
5/12/2014,100.02,99.42,100.15,99.42
5/9/2014,99.42,99.42,99.42,99.42
5/8/2014,99.58,100.03,100.03,99.19
5/7/2014,100.01,99.22,100.01,98.99
5/6/2014,98.77,98.67,99.46,98.62
5/5/2014,99.48,99.86,100.37,99.05
5/2/2014,99.78,99.78,99.78,99.78
5/1/2014,99.41,99.70,99.86,98.81
4/30/2014,99.82,100.53,100.53,99.45
4/29/2014,101.07,100.88,102.12,100.88
4/28/2014,100.94,100.88,101.48,100.41
4/25/2014,100.63,100.63,100.63,100.63
4/24/2014,101.94,101.72,102.27,101.49
4/23/2014,101.49,101.84,101.96,101.26
4/22/2014,101.66,103.58,103.58,101.63
4/21/2014,103.54,103.11,103.76,102.99
4/18/2014,103.69,103.69,103.69,103.69
4/17/2014,103.58,103.33,103.84,102.86
4/16/2014,103.08,103.01,104.06,102.61
4/15/2014,102.79,102.62,103.21,102.29
4/14/2014,102.80,103.18,103.41,102.45
4/11/2014,102.34,102.34,102.34,102.34
4/10/2014,102.36,102.36,102.80,102.25
4/9/2014,102.52,101.55,102.73,101.38
4/8/2014,101.85,100.22,101.85,100.22
4/7/2014,99.92,100.18,100.51,99.37
4/4/2014,101.17,101.17,101.17,100.18
4/3/2014,100.42,99.29,100.42,99.10
4/2/2014,99.44,99.37,99.69,99.08
4/1/2014,99.49,101.44,101.46,99.49
3/31/2014,101.52,,101.80,101.04
3/28/2014,101.52,101.52,101.52,101.52
3/27/2014,101.38,100.34,101.60,100.06
3/26/2014,100.26,99.37,100.40,99.24
3/25/2014,99.16,99.37,100.15,98.92
3/24/2014,99.37,99.27,100.12,99.23
3/21/2014,99.60,99.60,99.60,99.60
3/20/2014,98.59,99.26,99.37,98.24
3/19/2014,99.07,98.43,99.21,98.43
3/18/2014,98.61,97.37,98.87,97.37
3/17/2014,97.41,98.67,98.67,97.22
3/14/2014,98.59,98.59,98.67,98.59
3/13/2014,97.95,97.80,98.14,97.51
3/12/2014,97.83,99.00,99.00,97.35
3/11/2014,99.16,100.62,100.95,99.15
3/10/2014,100.46,101.86,101.86,100.46
3/7/2014,101.96,101.96,101.96,101.96
3/6/2014,101.34,100.61,101.38,99.79
3/5/2014,101.20,103.50,103.50,100.61
3/4/2014,103.21,104.86,104.86,103.05
3/3/2014,104.65,103.81,105.21,103.78
2/28/2014,102.42,102.42,102.42,102.42
2/27/2014,102.25,102.34,102.96,101.96
2/26/2014,102.54,101.86,102.80,101.71
2/25/2014,102.04,102.50,102.50,101.11
2/24/2014,102.66,102.49,103.24,102.00
2/21/2014,102.17,102.17,102.17,102.17
2/20/2014,102.78,102.61,102.89,102.38
2/19/2014,103.11,102.16,103.22,102.00
2/18/2014,102.27,100.51,102.43,100.32
2/17/2014,100.64,100.35,100.67,100.35
2/14/2014,100.11,100.11,100.35,100.11
2/13/2014,99.99,99.71,100.20,99.03
2/12/2014,99.78,99.71,100.70,99.71
2/11/2014,99.37,99.40,99.79,99.22
2/10/2014,99.52,99.59,99.75,98.65
2/7/2014,99.41,99.41,99.41,99.41
2/6/2014,97.33,96.85,97.97,96.85
2/5/2014,96.72,96.81,97.29,96.44
2/4/2014,97.38,96.60,97.59,96.45
2/3/2014,96.72,96.94,97.85,96.41
1/31/2014,97.53,97.53,97.53,97.53
1/30/2014,97.96,97.62,98.48,97.41
1/29/2014,97.24,97.12,97.42,96.60
1/28/2014,97.27,95.83,97.51,95.83
1/27/2014,95.86,96.84,97.06,95.34
1/24/2014,96.90,96.90,96.90,96.90
1/23/2014,97.28,96.57,97.72,96.57
1/22/2014,96.76,95.23,96.82,95.23
1/21/2014,95.21,94.07,95.42,94.07
1/20/2014,94.03,94.11,94.24,93.73
1/17/2014,94.29,94.29,94.29,94.11
1/16/2014,94.20,94.42,94.77,93.76
1/15/2014,94.61,92.76,94.79,92.70
1/14/2014,92.67,92.04,92.99,92.04
1/13/2014,91.85,92.96,92.96,91.70
1/10/2014,93.00,93.00,93.00,93.00
1/9/2014,92.51,92.82,93.02,91.97
1/8/2014,92.69,94.19,94.19,92.69
1/7/2014,93.95,93.80,94.19,93.72
1/6/2014,93.82,94.35,94.72,93.52
1/3/2014,94.24,94.24,94.24,94.24
1/2/2014,95.60,98.70,98.93,95.54
1/1/2014,98.71,98.70,98.71,98.70
12/31/2013,98.71,99.34,99.34,98.66
12/30/2013,99.19,100.26,100.32,99.18
12/27/2013,100.17,100.17,100.17,100.17
12/26/2013,99.39,99.20,99.39,99.20
12/25/2013,99.18,99.17,99.20,99.17
12/24/2013,99.05,98.66,99.18,98.66
12/23/2013,98.79,99.28,99.28,98.66
12/20/2013,99.14,99.14,99.28,99.14
12/19/2013,98.75,97.97,99.36,97.97
12/18/2013,97.95,97.56,98.18,97.37
12/17/2013,97.37,97.57,98.04,97.32
12/16/2013,97.73,96.94,97.97,96.56
12/13/2013,96.80,96.80,96.94,96.80
12/12/2013,97.71,97.67,98.26,97.63
12/11/2013,97.67,98.71,98.75,97.52
12/10/2013,98.59,97.63,98.79,97.63
12/9/2013,97.68,98.01,98.14,97.55
12/6/2013,97.85,97.85,98.01,97.85
12/5/2013,97.71,97.43,98.16,97.43
12/4/2013,97.12,97.24,97.52,96.50
12/3/2013,96.14,94.12,97.24,93.81
12/2/2013,93.89,93.11,93.99,92.61
11/29/2013,92.79,92.79,93.11,92.79
11/28/2013,92.26,92.26,92.30,92.13
11/27/2013,92.35,93.48,93.50,91.86
11/26/2013,93.83,94.33,94.63,93.71
11/25/2013,94.19,93.92,94.42,93.38
11/22/2013,94.86,94.86,94.86,94.86
11/21/2013,95.20,93.62,95.46,93.58
11/20/2013,93.69,94.24,94.32,93.26
11/19/2013,93.94,93.71,94.05,93.31
11/18/2013,93.58,94.23,94.76,93.53
11/15/2013,94.36,94.36,94.36,94.36
11/14/2013,94.44,94.31,94.89,93.32
11/13/2013,94.38,93.61,94.94,93.61
11/12/2013,93.63,95.27,95.47,93.54
11/11/2013,95.40,95.16,95.53,94.49
11/8/2013,94.78,94.78,95.16,94.78
11/7/2013,94.61,95.24,95.54,94.30
11/6/2013,95.19,94.08,95.64,94.08
11/5/2013,93.36,94.84,94.84,93.19
11/4/2013,94.49,94.65,94.94,94.13
11/1/2013,94.65,94.65,94.65,94.65
10/31/2013,96.33,96.64,96.96,96.16
10/30/2013,96.66,97.61,97.79,96.66
10/29/2013,98.10,98.39,98.46,97.96
10/28/2013,98.58,97.67,98.72,97.51
10/25/2013,98.00,98.00,98.00,97.67
10/24/2013,97.10,97.31,97.64,96.10
10/23/2013,96.87,98.25,98.25,96.39
10/22/2013,98.27,99.52,100.15,98.24
10/21/2013,99.56,101.15,101.15,99.56
10/18/2013,101.09,101.09,101.09,101.09
10/17/2013,100.87,102.43,102.43,100.37
10/16/2013,102.51,101.48,102.96,101.14
10/15/2013,101.18,102.42,102.47,101.18
10/14/2013,102.27,101.52,102.58,101.19
10/11/2013,101.90,101.90,101.90,101.90
10/10/2013,102.79,101.35,103.30,101.13
10/9/2013,101.26,103.44,103.53,101.14
10/8/2013,103.34,102.92,103.73,102.73
10/7/2013,103.11,103.49,103.49,102.20
10/4/2013,103.63,103.63,103.63,103.63
10/3/2013,103.05,103.66,104.14,103.01
10/2/2013,103.93,101.59,104.22,101.45
10/1/2013,101.84,102.27,102.44,101.15
9/30/2013,102.42,101.80,102.69,101.32
9/27/2013,102.83,102.83,102.83,102.83
9/26/2013,102.94,102.35,103.21,102.35
9/25/2013,102.39,103.31,103.84,102.30
9/24/2013,103.45,103.42,103.60,102.40
9/23/2013,103.51,104.67,104.95,103.19
9/20/2013,104.84,104.84,104.84,104.84
9/19/2013,105.65,107.64,108.09,105.56
9/18/2013,107.42,104.62,107.58,104.62
9/17/2013,104.58,105.48,105.85,104.46
9/16/2013,105.96,106.65,107.26,105.80
9/13/2013,107.73,107.73,107.73,107.73
9/12/2013,107.85,106.73,108.02,106.47
9/11/2013,106.78,106.23,107.06,106.20
9/10/2013,106.46,107.63,107.78,105.75
9/9/2013,107.86,108.95,109.23,107.74
9/6/2013,109.33,109.33,109.33,109.33
9/5/2013,108.36,107.48,108.37,107.37
9/4/2013,107.22,108.33,108.33,106.98
9/3/2013,108.54,106.84,108.75,106.70
9/2/2013,106.79,105.93,107.20,105.93
8/30/2013,107.68,107.68,107.68,107.68
8/29/2013,108.40,109.37,109.86,108.40
8/28/2013,109.86,109.72,112.13,109.55
8/27/2013,108.97,106.42,108.97,106.00
8/26/2013,106.09,107.05,107.05,105.71
8/23/2013,106.36,106.36,106.36,106.36
8/22/2013,105.14,103.65,105.14,103.65
8/21/2013,103.99,105.10,105.10,103.73
8/20/2013,105.28,106.84,106.84,104.72
8/19/2013,106.73,107.23,107.37,106.54
8/16/2013,107.35,107.35,107.35,107.23
8/15/2013,107.06,106.96,107.45,106.69
8/14/2013,106.55,106.05,106.96,105.55
8/13/2013,106.15,105.63,106.45,105.24
8/12/2013,105.60,105.00,105.60,104.52
8/9/2013,105.14,105.14,105.14,105.14
8/8/2013,102.89,103.95,104.27,102.10
8/7/2013,103.81,104.85,104.93,103.75
8/6/2013,104.87,105.78,106.38,104.46
8/5/2013,106.43,106.21,107.52,105.78
8/2/2013,106.74,106.74,106.74,106.21
8/1/2013,107.76,105.37,107.94,105.37
7/31/2013,105.19,103.12,105.37,103.12
7/30/2013,103.11,104.31,104.38,102.84
7/29/2013,104.43,104.57,105.24,103.99
7/26/2013,104.62,104.62,104.62,104.57
7/25/2013,105.48,105.07,105.74,104.30
7/24/2013,105.11,107.44,107.44,105.08
7/23/2013,107.27,107.01,107.42,105.89
7/22/2013,106.65,108.17,108.42,106.65
7/19/2013,108.09,108.09,108.09,108.09
7/18/2013,107.78,106.23,108.11,105.97
7/17/2013,106.17,105.51,106.35,104.88
7/16/2013,105.48,106.08,106.66,105.48
7/15/2013,106.00,105.34,106.03,104.57
7/12/2013,105.62,105.62,105.62,105.62
7/11/2013,104.30,105.73,106.30,103.89
7/10/2013,104.98,103.87,105.51,103.87
7/9/2013,103.51,102.88,103.51,102.52
7/8/2013,102.92,103.68,103.68,102.40
7/5/2013,103.11,103.11,103.11,103.11
7/4/2013,101.01,101.34,101.34,100.77
7/3/2013,101.13,101.65,101.78,100.92
7/2/2013,99.41,97.97,99.76,97.97
7/1/2013,97.85,96.22,98.12,96.22
6/28/2013,96.52,96.52,96.52,96.52
6/27/2013,96.99,95.38,97.23,95.38
6/26/2013,95.41,94.96,95.64,94.07
6/25/2013,95.27,94.82,95.97,94.68
6/24/2013,95.04,93.63,95.49,92.95
6/21/2013,94.00,94.00,94.00,94.00
6/20/2013,94.92,97.61,97.61,94.90
6/19/2013,98.17,98.65,99.13,97.61
6/18/2013,98.68,98.20,98.81,97.72
6/17/2013,98.11,97.83,98.86,97.79
6/14/2013,97.99,97.99,97.99,97.83
6/13/2013,96.81,95.78,97.02,95.45
6/12/2013,96.10,95.09,96.41,94.76
6/11/2013,95.54,96.06,96.06,94.60
6/10/2013,96.01,,96.45,95.56
6/7/2013,96.45,96.45,96.45,96.27
6/6/2013,94.84,94.04,95.37,94.04
6/5/2013,93.71,93.84,94.11,93.49
6/4/2013,93.44,93.13,94.19,92.72
6/3/2013,93.32,,93.58,91.57
5/31/2013,91.57,91.57,91.77,91.57
5/30/2013,93.68,93.14,93.89,91.84
5/29/2013,93.16,94.81,94.81,92.96
5/28/2013,95.05,93.88,95.76,93.64
5/27/2013,93.65,93.37,93.67,93.37
5/24/2013,93.87,93.87,93.87,93.37
5/23/2013,94.28,93.85,94.32,92.66
5/22/2013,94.08,95.76,96.05,93.85
5/21/2013,96.05,96.89,97.01,95.76
5/20/2013,96.91,96.24,97.18,95.61
5/17/2013,96.32,96.32,96.32,96.32
5/16/2013,95.30,94.29,95.65,93.67
5/15/2013,94.55,94.59,94.59,92.62
5/14/2013,94.45,95.73,95.79,94.18
5/13/2013,95.19,95.39,95.87,94.83
5/10/2013,96.06,96.06,96.06,95.39
5/9/2013,96.27,96.95,96.95,95.96
5/8/2013,96.71,95.80,96.95,95.58
5/7/2013,95.82,95.88,96.18,95.45
5/6/2013,95.70,96.71,96.71,94.96
5/3/2013,95.47,95.47,95.47,95.47
5/2/2013,93.98,90.86,94.09,90.68
5/1/2013,90.97,93.01,93.09,90.32
4/30/2013,93.20,94.34,94.55,93.20
4/29/2013,94.22,92.58,94.63,92.58
4/26/2013,92.90,92.90,92.90,92.58
4/25/2013,93.24,91.58,93.74,91.20
4/24/2013,91.56,89.52,91.57,89.42
4/23/2013,89.36,89.19,89.36,87.98
4/22/2013,89.32,88.60,89.36,88.06
4/19/2013,88.21,88.21,88.60,88.21
4/18/2013,88.60,85.94,88.60,85.94
4/17/2013,86.98,89.12,89.12,86.53
4/16/2013,89.03,86.85,89.09,86.85
4/15/2013,88.73,90.85,90.85,88.43
4/12/2013,91.41,91.41,91.41,91.41
4/11/2013,93.58,94.69,94.90,93.58
4/10/2013,94.82,94.25,95.06,93.83
4/9/2013,94.47,93.73,94.75,93.29
4/8/2013,93.81,93.15,93.88,92.92
4/5/2013,92.89,92.89,92.89,92.89
4/4/2013,93.21,94.54,94.78,92.19
4/3/2013,94.24,96.66,96.81,94.24
4/2/2013,96.96,96.89,97.21,96.22
4/1/2013,96.91,97.02,97.05,96.06
3/29/2013,97.23,97.23,97.23,97.23
3/28/2013,97.13,96.68,97.24,96.38
3/27/2013,96.56,96.23,96.76,95.62
3/26/2013,96.28,94.75,96.33,94.75
3/25/2013,94.58,94.09,95.41,94.04
3/22/2013,93.91,93.91,94.09,93.91
3/21/2013,92.45,93.43,93.43,91.92
3/20/2013,93.44,92.73,93.54,92.58
3/19/2013,92.46,94.24,94.38,92.42
3/18/2013,94.14,,94.16,92.20
3/16/2013,93.81,93.81,93.81,92.59
3/15/2013,93.95,93.95,93.95,93.95
3/14/2013,93.47,92.72,93.47,92.44
3/13/2013,92.81,93.17,93.64,92.41
3/12/2013,92.97,92.65,93.72,92.09
3/11/2013,92.44,92.16,92.51,91.49
3/8/2013,92.27,92.27,92.27,92.16
3/7/2013,92.02,90.87,92.04,90.79
3/6/2013,90.86,91.53,91.53,90.17
3/5/2013,90.90,90.36,91.53,90.16
3/4/2013,89.96,90.57,90.89,89.48
3/1/2013,90.87,90.87,90.87,90.87
2/28/2013,91.93,93.09,93.09,91.66
2/27/2013,92.86,92.85,93.23,92.37
2/26/2013,92.56,92.57,93.10,92.19
2/25/2013,92.86,93.03,94.40,92.71
2/22/2013,93.35,93.35,93.35,93.35
2/21/2013,93.03,94.61,94.61,92.79
2/20/2013,94.86,97.05,97.46,94.48
2/19/2013,97.09,96.17,97.09,95.85
2/18/2013,95.96,96.16,96.40,95.76
2/15/2013,96.46,96.46,96.46,96.16
2/14/2013,97.95,97.84,98.22,97.39
2/13/2013,97.67,98.16,98.56,97.29
2/12/2013,98.02,97.46,98.25,97.25
2/11/2013,97.55,96.24,97.55,95.56
2/8/2013,96.31,96.31,96.31,96.31
2/7/2013,96.29,,97.23,96.08
2/6/2013,97.19,97.14,97.19,96.53
2/5/2013,97.08,96.50,97.46,96.47
2/4/2013,96.24,97.64,97.64,96.09
2/1/2013,97.63,97.63,97.64,97.63
1/31/2013,97.52,97.92,97.92,96.98
1/30/2013,98.06,97.55,98.15,97.47
1/29/2013,97.43,96.65,97.81,96.34
1/28/2013,96.44,95.98,96.65,95.69
1/25/2013,96.00,96.00,96.00,96.00
1/24/2013,96.10,95.49,96.39,95.35
1/23/2013,95.59,96.59,96.87,95.14
1/22/2013,96.65,96.01,96.87,95.49
1/21/2013,95.89,95.74,95.90,95.55
1/18/2013,95.89,95.89,95.89,95.74
1/17/2013,95.85,94.54,96.33,94.45
1/16/2013,94.63,93.88,94.71,93.62
1/15/2013,93.91,94.48,94.83,93.75
1/14/2013,94.58,94.62,94.69,93.52
1/11/2013,94.15,94.15,94.15,94.15
1/10/2013,94.35,93.84,95.08,93.84
1/9/2013,93.56,93.57,93.97,93.20
1/8/2013,93.69,93.66,94.21,93.21
1/7/2013,93.24,93.11,93.27,92.48
1/4/2013,93.05,93.05,93.11,93.05
1/3/2013,92.65,92.63,93.22,92.55
1/2/2013,92.88,,93.63,90.00
12/28/2012,90.80,91.46,91.46,90.33
12/27/2012,90.87,90.82,91.44,90.05
12/26/2012,90.98,89.14,91.29,88.89
12/24/2012,88.61,88.86,88.86,88.21
12/21/2012,88.66,89.87,89.92,87.97
12/20/2012,90.13,89.60,90.54,89.27
12/19/2012,89.98,88.41,90.33,88.26
12/18/2012,87.93,87.53,88.17,87.23
12/17/2012,87.20,87.04,87.71,86.50
12/14/2012,86.73,86.22,86.92,86.06
12/13/2012,85.89,86.65,86.95,85.82
12/12/2012,86.77,85.84,87.68,85.79
12/11/2012,85.79,85.60,86.35,85.21
12/10/2012,85.56,85.95,86.77,85.34
12/7/2012,85.93,86.35,86.92,85.77
12/6/2012,86.26,87.66,88.23,85.69
12/5/2012,87.88,88.53,89.04,87.46
12/4/2012,88.50,88.90,89.17,87.59
12/3/2012,89.09,88.70,90.35,88.67
11/30/2012,88.91,87.70,88.98,87.58
11/29/2012,88.07,86.67,88.69,86.62
11/28/2012,86.49,87.20,87.25,85.37
11/27/2012,87.18,88.02,88.24,86.83
11/26/2012,87.74,88.14,88.29,87.27
11/23/2012,88.28,86.89,88.53,86.79
11/22/2012,87.18,87.68,87.75,86.81
11/21/2012,87.38,87.36,87.89,86.37
11/20/2012,86.75,88.99,89.17,86.18
11/19/2012,89.28,87.37,89.80,87.16
11/16/2012,86.92,85.80,87.37,85.43
11/15/2012,85.45,86.21,86.83,84.70
11/14/2012,86.32,85.26,86.67,84.93
11/13/2012,85.38,85.40,85.94,84.58
11/12/2012,85.57,86.23,86.52,85.28
11/9/2012,86.07,85.09,86.77,84.14
11/8/2012,85.09,84.82,85.70,84.24
11/7/2012,84.44,88.05,88.82,84.07
11/6/2012,88.71,85.69,89.22,85.43
11/5/2012,85.65,84.67,85.91,84.36
11/2/2012,84.86,86.90,87.07,84.66
11/1/2012,87.09,86.13,87.42,85.94
10/31/2012,86.24,85.65,87.19,85.65
10/30/2012,85.68,85.30,86.25,85.13
10/29/2012,85.54,86.13,86.35,84.67
10/26/2012,86.28,86.15,86.38,85.01
10/25/2012,86.05,85.75,86.74,85.25
10/24/2012,85.73,86.63,87.48,84.95
10/23/2012,86.67,89.21,89.21,85.75
10/22/2012,88.65,90.09,91.28,88.59
10/19/2012,90.05,92.21,93.03,89.89
10/18/2012,92.10,91.98,92.58,90.67
10/17/2012,92.12,92.46,92.84,91.56
10/16/2012,92.09,91.70,92.32,91.33
10/15/2012,91.85,91.61,92.20,89.79
10/12/2012,91.86,92.50,92.64,91.18
10/11/2012,92.07,91.28,92.95,91.10
10/10/2012,91.25,91.94,93.67,91.03
10/9/2012,92.39,89.93,92.91,89.30
10/8/2012,89.33,89.78,89.89,88.21
10/5/2012,89.96,91.53,91.71,89.02
10/4/2012,91.71,88.33,91.83,87.93
10/3/2012,88.14,91.70,91.82,87.71
10/2/2012,91.89,92.45,92.94,91.43
10/1/2012,92.48,92.11,93.35,91.28
9/28/2012,92.01,92.21,92.73,91.42
9/27/2012,91.85,90.29,92.39,89.90
9/26/2012,89.98,90.88,91.34,88.96
9/25/2012,91.37,92.08,93.21,90.63
9/24/2012,91.93,93.06,93.06,91.07
9/21/2012,93.04,92.94,93.84,92.62
9/20/2012,92.42,92.17,93.09,90.97
9/19/2012,91.98,95.55,96.15,91.26
9/18/2012,95.29,96.97,97.22,95.12
9/17/2012,96.62,99.10,99.49,94.67
9/14/2012,99.00,98.19,100.43,98.19
9/13/2012,98.31,96.95,98.58,96.50
9/12/2012,97.01,96.91,98.07,96.66
9/11/2012,97.17,96.23,97.31,96.08
9/10/2012,96.54,96.30,96.63,95.35
9/7/2012,96.36,94.78,96.75,94.08
9/6/2012,95.53,95.81,97.72,94.59
9/5/2012,95.36,95.36,96.08,94.26
9/4/2012,95.30,96.93,97.36,94.97
9/3/2012,97.14,96.34,97.30,96.01
8/31/2012,96.54,94.62,96.93,94.52
8/30/2012,94.62,94.99,95.60,93.95
8/29/2012,95.49,96.10,96.37,94.77
8/28/2012,96.33,95.70,96.54,95.11
8/27/2012,95.47,96.50,97.72,94.43
8/24/2012,96.01,95.95,97.20,95.41
8/23/2012,96.27,97.37,98.30,95.76
8/22/2012,97.26,96.89,97.54,96.27
8/21/2012,96.84,96.26,97.85,96.15
8/20/2012,95.97,96.15,96.50,95.02
8/17/2012,96.14,95.28,96.28,94.95
8/16/2012,95.60,94.45,95.74,93.97
8/15/2012,94.33,93.19,94.90,92.69
8/14/2012,93.43,92.62,93.92,92.60
8/13/2012,92.73,93.13,94.15,92.06
8/10/2012,93.35,93.54,93.54,91.70
8/9/2012,93.36,93.32,94.20,93.07
8/8/2012,93.35,93.27,94.72,92.83
8/7/2012,93.67,91.88,94.42,91.78
8/6/2012,92.20,91.36,92.33,90.63
8/3/2012,91.30,87.42,91.74,87.31
8/2/2012,87.13,88.74,89.63,86.92
8/1/2012,88.91,87.78,89.47,87.51
7/31/2012,88.06,89.63,90.30,87.35
7/30/2012,89.78,90.13,90.85,89.32
7/27/2012,90.09,89.18,90.44,89.18
7/26/2012,89.39,88.78,90.47,88.07
7/25/2012,88.97,88.05,89.40,86.86
7/24/2012,88.50,88.02,89.09,87.44
7/23/2012,88.14,91.41,91.62,87.92
7/20/2012,91.56,92.47,92.61,90.91
7/19/2012,92.66,89.91,92.92,89.91
7/18/2012,89.87,89.00,90.10,88.61
7/17/2012,89.22,88.12,89.45,87.42
7/16/2012,88.43,87.31,88.49,86.41
7/13/2012,87.08,85.68,87.61,85.64
7/12/2012,86.08,85.93,86.36,84.22
7/11/2012,85.81,84.26,86.48,84.12
7/10/2012,83.91,85.20,85.94,83.65
7/9/2012,85.99,84.30,86.48,84.13
7/6/2012,84.16,86.85,87.12,84.02
7/5/2012,87.22,86.79,88.98,86.50
7/4/2012,87.05,87.67,87.72,86.50
7/3/2012,87.66,83.43,88.03,83.43
7/2/2012,83.75,84.77,85.27,82.10
6/29/2012,84.75,78.34,85.34,78.33
6/28/2012,77.69,80.44,80.84,77.29
6/27/2012,80.21,79.33,80.88,78.70
6/26/2012,79.36,79.27,79.67,78.36
6/25/2012,79.21,80.50,80.87,78.03
6/22/2012,80.18,78.35,80.37,77.56
6/21/2012,78.20,80.78,81.06,77.96
6/20/2012,81.45,84.33,84.72,80.81
6/19/2012,84.03,83.19,84.40,81.97
6/18/2012,83.27,84.20,85.83,82.04
6/15/2012,84.02,84.33,84.80,83.10
6/14/2012,83.91,82.55,84.41,82.28
6/13/2012,82.62,83.12,84.00,82.14
6/12/2012,83.32,81.48,83.72,81.37
6/11/2012,82.70,84.91,86.63,81.02
6/8/2012,84.29,83.88,84.68,81.99
6/7/2012,84.82,85.43,87.03,83.43
6/6/2012,85.02,84.31,86.26,84.20
6/5/2012,84.29,84.40,84.92,83.32
6/4/2012,83.98,83.13,84.38,81.22
6/1/2012,83.30,86.44,86.51,82.29
5/31/2012,86.53,87.60,88.28,85.86
5/30/2012,87.82,90.76,90.78,87.32
5/29/2012,90.76,91.04,92.18,90.25
5/28/2012,91.11,90.98,91.99,90.98
5/25/2012,90.77,90.89,91.32,90.20
5/24/2012,90.66,90.32,91.52,89.82
5/23/2012,89.90,91.54,91.55,89.29
5/22/2012,91.85,93.11,93.28,91.21
5/21/2012,92.57,91.26,92.53,90.86
5/18/2012,91.11,92.68,92.88,90.96
5/17/2012,92.56,93.09,93.88,92.09
5/16/2012,92.81,93.39,94.17,91.81
5/15/2012,93.98,94.35,95.48,92.99
5/14/2012,94.78,95.85,95.85,93.65
5/11/2012,95.84,96.22,97.20,95.54
5/10/2012,97.08,96.50,97.70,96.08
5/9/2012,96.81,97.23,97.24,95.18
5/8/2012,97.01,98.03,98.03,95.54
5/7/2012,97.94,98.15,98.19,95.36
5/4/2012,98.54,102.55,102.71,97.53
5/3/2012,102.54,105.25,105.38,102.37
5/2/2012,105.22,105.85,106.05,104.91
5/1/2012,106.16,104.88,106.44,104.39
4/30/2012,104.87,104.81,105.17,103.88
4/27/2012,104.70,104.08,105.00,103.74
4/26/2012,104.55,104.05,104.93,103.86
4/25/2012,104.12,103.73,104.58,103.11
4/24/2012,103.55,103.09,104.10,102.81
4/23/2012,103.11,103.91,103.91,101.83
4/20/2012,104.01,102.99,104.69,102.90
4/19/2012,102.27,102.78,103.06,101.79
4/18/2012,102.67,104.34,104.51,102.19
4/17/2012,104.20,103.14,105.09,102.66
4/16/2012,102.93,102.51,103.38,101.81
4/13/2012,102.83,103.83,103.88,102.62
4/12/2012,103.64,102.64,104.24,102.40
4/11/2012,102.70,100.99,103.15,100.85
4/10/2012,101.02,102.40,102.97,100.69
4/9/2012,102.46,103.01,103.01,100.82
4/5/2012,103.31,102.08,103.41,101.37
4/4/2012,101.47,103.95,103.99,101.08
4/3/2012,104.01,104.98,105.18,103.60
4/2/2012,105.23,103.51,105.49,102.07
3/30/2012,103.07,103.35,104.15,102.79
3/29/2012,102.78,105.62,105.71,102.13
3/28/2012,105.41,106.88,106.93,104.68
3/27/2012,107.33,107.07,107.74,106.52
3/26/2012,107.03,106.89,107.33,106.22
3/23/2012,106.84,105.67,108.25,105.17
3/22/2012,105.35,106.98,107.12,104.51
3/21/2012,107.27,106.42,107.64,106.07
3/20/2012,106.07,,108.28,105.71
3/19/2012,107.30,107.26,108.15,106.62
3/16/2012,107.29,105.50,107.35,105.13
3/15/2012,105.11,105.70,106.18,103.77
3/14/2012,105.43,106.80,107.02,105.13
3/13/2012,106.71,106.63,107.35,105.67
3/12/2012,106.34,107.26,107.26,105.39
3/9/2012,107.55,106.65,108.20,106.14
3/8/2012,106.58,106.13,107.20,105.83
3/7/2012,106.16,104.88,106.54,104.34
3/6/2012,104.70,107.20,107.20,104.51
3/5/2012,106.72,106.59,107.42,105.53
3/2/2012,106.66,108.90,108.91,105.80
3/1/2012,108.84,107.02,110.56,106.56
2/29/2012,107.07,106.60,107.43,104.85
2/28/2012,106.55,107.91,108.77,106.30
2/27/2012,108.56,109.74,109.74,107.27
2/24/2012,109.72,108.53,109.95,107.94
2/23/2012,107.83,105.88,108.70,105.50
2/22/2012,106.28,105.97,106.71,105.61
2/21/2012,106.25,105.07,106.49,104.61
2/20/2012,105.30,104.71,105.81,104.71
2/17/2012,103.25,102.78,103.57,102.56
2/16/2012,102.31,101.80,102.69,100.85
2/15/2012,101.80,100.65,102.54,100.62
2/14/2012,100.74,100.71,101.84,100.29
2/13/2012,100.91,99.07,101.18,99.07
2/10/2012,99.02,99.64,99.67,97.40
2/9/2012,99.84,98.85,100.18,98.67
2/8/2012,98.71,98.72,100.10,98.09
2/7/2012,98.41,97.25,99.13,95.81
2/6/2012,96.91,97.70,97.74,96.38
2/3/2012,97.82,96.62,98.03,96.02
2/2/2012,96.36,97.49,97.98,95.43
2/1/2012,97.61,98.57,99.48,97.05
1/31/2012,98.48,99.21,101.28,97.87
1/30/2012,98.78,99.81,99.88,98.41
1/27/2012,99.60,99.66,100.63,99.14
1/26/2012,99.70,99.85,101.39,99.23
1/25/2012,99.40,99.25,100.40,97.51
1/24/2012,98.95,99.75,100.16,98.26
1/23/2012,99.58,98.40,100.25,97.49
1/20/2012,98.48,100.62,100.90,98.02
1/19/2012,100.54,101.49,102.25,100.14
1/18/2012,100.76,101.27,102.24,99.99
1/17/2012,100.71,99.65,101.00,99.49
1/16/2012,99.65,98.82,99.81,98.64
1/13/2012,99.32,99.31,100.19,97.70
1/12/2012,99.10,101.21,102.98,98.52
1/11/2012,100.87,102.00,102.47,100.56
1/10/2012,102.24,101.47,103.41,101.43
1/9/2012,101.31,102.00,102.50,100.09
1/6/2012,101.75,101.60,102.81,100.87
1/5/2012,101.81,103.29,103.73,101.31
1/4/2012,103.22,102.89,103.72,101.88
1/3/2012,102.96,100.24,103.18,100.20
12/30/2011,98.92,99.78,100.14,98.61
12/29/2011,99.65,99.49,99.90,98.26
12/28/2011,99.36,101.18,101.87,99.11
12/27/2011,101.34,99.75,101.76,99.38
12/23/2011,99.80,99.38,100.22,99.37
12/22/2011,99.53,98.99,100.06,98.54
12/21/2011,98.67,97.54,99.24,96.80
12/20/2011,97.24,94.70,97.65,94.32
12/19/2011,94.05,93.79,94.62,92.79
12/16/2011,94.08,93.95,94.96,92.71
12/15/2011,94.07,95.05,96.19,93.44
12/14/2011,94.95,99.88,100.07,94.24
12/13/2011,100.14,97.86,101.26,97.66
12/12/2011,97.77,99.49,99.63,97.54
12/9/2011,99.64,98.19,99.90,97.37
12/8/2011,98.34,100.94,101.73,97.71
12/7/2011,100.49,101.31,101.94,99.66
12/6/2011,101.28,100.55,101.43,100.21
12/5/2011,100.99,101.42,102.44,100.23
12/2/2011,101.06,100.06,101.55,99.76
12/1/2011,100.20,100.61,101.16,98.88
11/30/2011,100.36,99.62,101.75,98.92
11/29/2011,99.79,97.64,100.14,97.25
11/28/2011,98.21,97.52,100.73,97.15
11/25/2011,97.29,96.36,97.53,95.00
11/24/2011,97.14,95.94,97.30,95.80
11/23/2011,96.17,97.69,97.69,95.35
11/22/2011,98.01,96.94,98.70,96.54
11/21/2011,96.92,97.46,97.86,95.23
11/18/2011,97.84,98.50,100.28,96.70
11/17/2011,98.93,101.91,103.38,98.36
11/16/2011,102.60,99.34,102.92,98.43
11/15/2011,99.37,98.21,99.84,97.51
11/14/2011,98.14,99.45,99.67,97.19
11/11/2011,99.07,97.58,99.40,97.46
11/10/2011,97.78,95.64,98.35,95.19
11/9/2011,95.74,97.20,97.84,94.35
11/8/2011,96.80,95.74,97.07,95.24
11/7/2011,95.52,94.60,96.11,93.24
11/4/2011,94.47,94.01,94.94,92.87
11/3/2011,94.07,92.23,94.61,90.89
11/2/2011,92.51,91.14,93.79,90.97
11/1/2011,92.19,92.58,92.86,89.17
10/31/2011,93.19,94.30,93.74,91.36
10/28/2011,93.48,93.79,95.19,92.01
10/27/2011,93.96,91.10,94.24,90.98
10/26/2011,90.20,92.56,93.90,90.00
10/25/2011,93.17,91.51,94.65,91.10
10/24/2011,91.27,87.25,91.87,87.12
10/21/2011,87.62,86.38,88.88,85.96
10/20/2011,86.07,86.23,87.12,84.22
10/19/2011,86.29,88.30,89.71,86.04
10/18/2011,88.53,86.41,89.22,85.77
10/17/2011,86.38,87.25,88.18,85.86
10/14/2011,87.35,84.20,87.42,83.80
10/13/2011,84.23,84.89,85.40,83.17
10/12/2011,85.57,85.04,86.58,84.53
10/11/2011,85.81,85.31,86.64,83.95
10/10/2011,85.41,83.08,86.10,83.08
10/7/2011,82.81,82.26,84.00,81.35
10/6/2011,82.59,79.54,82.90,79.06
10/5/2011,79.68,77.89,79.89,76.93
10/4/2011,75.67,76.32,78.37,74.93
10/3/2011,77.61,78.80,79.63,76.25
9/30/2011,78.59,83.06,83.07,78.57
9/29/2011,82.14,80.00,83.98,79.71
9/28/2011,81.21,83.55,84.63,80.50
9/27/2011,84.45,81.00,84.77,80.93
9/26/2011,80.24,79.93,81.60,77.15
9/23/2011,80.19,80.79,81.80,77.54
9/22/2011,80.51,84.56,84.95,79.68
9/21/2011,85.92,86.55,87.98,84.66
9/20/2011,86.92,85.50,87.67,85.50
9/19/2011,85.81,87.68,87.68,84.93
9/16/2011,87.86,89.23,89.76,87.00
9/15/2011,89.40,88.93,90.15,88.00
9/14/2011,88.91,89.96,90.25,88.20
9/13/2011,90.21,88.77,90.52,87.82
9/12/2011,88.19,86.52,88.96,85.00
9/9/2011,87.22,88.57,89.48,85.65
9/8/2011,89.05,89.82,90.24,88.45
9/7/2011,89.34,86.40,90.31,86.17
9/6/2011,86.02,83.50,86.60,83.30
9/5/2011,83.52,86.30,86.31,83.50
